-- phpMyAdmin SQL Dump
-- version 5.2.1
-- https://www.phpmyadmin.net/
--
-- Počítač: sql.freedb.tech
-- Vytvořeno: Pát 12. dub 2024, 19:50
-- Verze serveru: 8.0.36-0ubuntu0.22.04.1
-- Verze PHP: 8.2.7

SET SQL_MODE = "NO_AUTO_VALUE_ON_ZERO";
START TRANSACTION;
SET time_zone = "+00:00";


/*!40101 SET @OLD_CHARACTER_SET_CLIENT=@@CHARACTER_SET_CLIENT */;
/*!40101 SET @OLD_CHARACTER_SET_RESULTS=@@CHARACTER_SET_RESULTS */;
/*!40101 SET @OLD_COLLATION_CONNECTION=@@COLLATION_CONNECTION */;
/*!40101 SET NAMES utf8mb4 */;

--
-- Databáze: `freedb_Soc-sit-projekt`
--

-- --------------------------------------------------------

--
-- Struktura tabulky `fotka_prispevek`
--

CREATE TABLE `fotka_prispevek` (
  `id` int NOT NULL,
  `nazev` varchar(255) NOT NULL,
  `alt_popis` varchar(255) DEFAULT NULL,
  `prispevek_id` int NOT NULL
) ENGINE=InnoDB DEFAULT CHARSET=utf8mb4 COLLATE=utf8mb4_0900_ai_ci;

--
-- Vypisuji data pro tabulku `fotka_prispevek`
--

INSERT INTO `fotka_prispevek` (`id`, `nazev`, `alt_popis`, `prispevek_id`) VALUES
(177, 'prispevek12.jpg', 'Obrázek generovaný umělou inteligencí.', 1),
(178, 'prispevek05.jpg', 'Obrázek generovaný umělou inteligencí.', 1),
(179, 'prispevek16.jpg', 'Obrázek generovaný umělou inteligencí.', 1),
(180, 'prispevek11.jpg', 'Obrázek generovaný umělou inteligencí.', 2),
(181, 'prispevek02.jpg', 'Obrázek generovaný umělou inteligencí.', 2),
(182, 'prispevek11.jpg', 'Obrázek generovaný umělou inteligencí.', 2),
(183, 'prispevek13.jpg', 'Obrázek generovaný umělou inteligencí.', 3),
(184, 'prispevek17.jpg', 'Obrázek generovaný umělou inteligencí.', 3),
(185, 'prispevek07.jpg', 'Obrázek generovaný umělou inteligencí.', 3),
(186, 'prispevek06.jpg', 'Obrázek generovaný umělou inteligencí.', 4),
(187, 'prispevek06.jpg', 'Obrázek generovaný umělou inteligencí.', 4),
(188, 'prispevek01.jpg', 'Obrázek generovaný umělou inteligencí.', 4),
(189, 'prispevek01.jpg', 'Obrázek generovaný umělou inteligencí.', 5),
(190, 'prispevek01.jpg', 'Obrázek generovaný umělou inteligencí.', 5),
(191, 'prispevek03.jpg', 'Obrázek generovaný umělou inteligencí.', 5),
(192, 'prispevek09.jpg', 'Obrázek generovaný umělou inteligencí.', 6),
(193, 'prispevek08.jpg', 'Obrázek generovaný umělou inteligencí.', 6),
(194, 'prispevek06.jpg', 'Obrázek generovaný umělou inteligencí.', 6),
(195, 'prispevek08.jpg', 'Obrázek generovaný umělou inteligencí.', 7),
(196, 'prispevek18.jpg', 'Obrázek generovaný umělou inteligencí.', 7),
(197, 'prispevek01.jpg', 'Obrázek generovaný umělou inteligencí.', 7),
(198, 'prispevek14.jpg', 'Obrázek generovaný umělou inteligencí.', 8),
(199, 'prispevek13.jpg', 'Obrázek generovaný umělou inteligencí.', 8),
(200, 'prispevek02.jpg', 'Obrázek generovaný umělou inteligencí.', 8),
(201, 'prispevek17.jpg', 'Obrázek generovaný umělou inteligencí.', 9),
(202, 'prispevek14.jpg', 'Obrázek generovaný umělou inteligencí.', 9),
(203, 'prispevek15.jpg', 'Obrázek generovaný umělou inteligencí.', 9),
(204, 'prispevek08.jpg', 'Obrázek generovaný umělou inteligencí.', 10),
(205, 'prispevek14.jpg', 'Obrázek generovaný umělou inteligencí.', 10),
(206, 'prispevek17.jpg', 'Obrázek generovaný umělou inteligencí.', 10),
(207, 'prispevek18.jpg', 'Obrázek generovaný umělou inteligencí.', 11),
(208, 'prispevek17.jpg', 'Obrázek generovaný umělou inteligencí.', 11),
(209, 'prispevek16.jpg', 'Obrázek generovaný umělou inteligencí.', 11),
(210, 'prispevek20.jpg', 'Obrázek generovaný umělou inteligencí.', 12),
(211, 'prispevek13.jpg', 'Obrázek generovaný umělou inteligencí.', 12),
(212, 'prispevek15.jpg', 'Obrázek generovaný umělou inteligencí.', 12),
(213, 'prispevek11.jpg', 'Obrázek generovaný umělou inteligencí.', 13),
(214, 'prispevek13.jpg', 'Obrázek generovaný umělou inteligencí.', 13),
(215, 'prispevek20.jpg', 'Obrázek generovaný umělou inteligencí.', 13),
(216, 'prispevek14.jpg', 'Obrázek generovaný umělou inteligencí.', 14),
(217, 'prispevek05.jpg', 'Obrázek generovaný umělou inteligencí.', 14),
(218, 'prispevek19.jpg', 'Obrázek generovaný umělou inteligencí.', 14),
(219, 'prispevek05.jpg', 'Obrázek generovaný umělou inteligencí.', 15),
(220, 'prispevek16.jpg', 'Obrázek generovaný umělou inteligencí.', 15),
(221, 'prispevek18.jpg', 'Obrázek generovaný umělou inteligencí.', 15),
(222, 'prispevek15.jpg', 'Obrázek generovaný umělou inteligencí.', 16),
(223, 'prispevek05.jpg', 'Obrázek generovaný umělou inteligencí.', 16),
(224, 'prispevek19.jpg', 'Obrázek generovaný umělou inteligencí.', 16),
(225, 'prispevek05.jpg', 'Obrázek generovaný umělou inteligencí.', 17),
(226, 'prispevek06.jpg', 'Obrázek generovaný umělou inteligencí.', 17),
(227, 'prispevek06.jpg', 'Obrázek generovaný umělou inteligencí.', 17),
(228, 'prispevek13.jpg', 'Obrázek generovaný umělou inteligencí.', 18),
(229, 'prispevek06.jpg', 'Obrázek generovaný umělou inteligencí.', 18),
(230, 'prispevek07.jpg', 'Obrázek generovaný umělou inteligencí.', 18),
(231, 'prispevek03.jpg', 'Obrázek generovaný umělou inteligencí.', 19),
(232, 'prispevek15.jpg', 'Obrázek generovaný umělou inteligencí.', 19),
(233, 'prispevek07.jpg', 'Obrázek generovaný umělou inteligencí.', 19),
(234, 'prispevek17.jpg', 'Obrázek generovaný umělou inteligencí.', 20),
(235, 'prispevek20.jpg', 'Obrázek generovaný umělou inteligencí.', 20),
(236, 'prispevek06.jpg', 'Obrázek generovaný umělou inteligencí.', 20),
(237, 'prispevek11.jpg', 'Obrázek generovaný umělou inteligencí.', 21),
(238, 'prispevek15.jpg', 'Obrázek generovaný umělou inteligencí.', 21),
(239, 'prispevek09.jpg', 'Obrázek generovaný umělou inteligencí.', 21),
(240, 'prispevek06.jpg', 'Obrázek generovaný umělou inteligencí.', 22),
(241, 'prispevek05.jpg', 'Obrázek generovaný umělou inteligencí.', 22),
(242, 'prispevek09.jpg', 'Obrázek generovaný umělou inteligencí.', 22),
(243, 'prispevek09.jpg', 'Obrázek generovaný umělou inteligencí.', 23),
(244, 'prispevek06.jpg', 'Obrázek generovaný umělou inteligencí.', 23),
(245, 'prispevek15.jpg', 'Obrázek generovaný umělou inteligencí.', 23),
(246, 'prispevek18.jpg', 'Obrázek generovaný umělou inteligencí.', 24),
(247, 'prispevek04.jpg', 'Obrázek generovaný umělou inteligencí.', 24),
(248, 'prispevek12.jpg', 'Obrázek generovaný umělou inteligencí.', 24),
(249, 'prispevek12.jpg', 'Obrázek generovaný umělou inteligencí.', 25),
(250, 'prispevek06.jpg', 'Obrázek generovaný umělou inteligencí.', 25),
(251, 'prispevek10.jpg', 'Obrázek generovaný umělou inteligencí.', 25),
(252, 'prispevek17.jpg', 'Obrázek generovaný umělou inteligencí.', 26),
(253, 'prispevek13.jpg', 'Obrázek generovaný umělou inteligencí.', 26),
(254, 'prispevek14.jpg', 'Obrázek generovaný umělou inteligencí.', 26),
(255, 'prispevek19.jpg', 'Obrázek generovaný umělou inteligencí.', 27),
(256, 'prispevek14.jpg', 'Obrázek generovaný umělou inteligencí.', 27),
(257, 'prispevek20.jpg', 'Obrázek generovaný umělou inteligencí.', 27),
(258, 'prispevek05.jpg', 'Obrázek generovaný umělou inteligencí.', 28),
(259, 'prispevek04.jpg', 'Obrázek generovaný umělou inteligencí.', 28),
(260, 'prispevek06.jpg', 'Obrázek generovaný umělou inteligencí.', 28),
(261, 'prispevek08.jpg', 'Obrázek generovaný umělou inteligencí.', 29),
(262, 'prispevek03.jpg', 'Obrázek generovaný umělou inteligencí.', 29),
(263, 'prispevek20.jpg', 'Obrázek generovaný umělou inteligencí.', 29),
(264, 'prispevek02.jpg', 'Obrázek generovaný umělou inteligencí.', 30),
(265, 'prispevek15.jpg', 'Obrázek generovaný umělou inteligencí.', 30),
(266, 'prispevek16.jpg', 'Obrázek generovaný umělou inteligencí.', 30),
(267, 'prispevek07.jpg', 'Obrázek generovaný umělou inteligencí.', 31),
(268, 'prispevek14.jpg', 'Obrázek generovaný umělou inteligencí.', 31),
(269, 'prispevek16.jpg', 'Obrázek generovaný umělou inteligencí.', 31),
(270, 'prispevek03.jpg', 'Obrázek generovaný umělou inteligencí.', 32),
(271, 'prispevek10.jpg', 'Obrázek generovaný umělou inteligencí.', 32),
(272, 'prispevek07.jpg', 'Obrázek generovaný umělou inteligencí.', 32),
(273, 'prispevek19.jpg', 'Obrázek generovaný umělou inteligencí.', 33),
(274, 'prispevek16.jpg', 'Obrázek generovaný umělou inteligencí.', 33),
(275, 'prispevek05.jpg', 'Obrázek generovaný umělou inteligencí.', 33),
(276, 'prispevek10.jpg', 'Obrázek generovaný umělou inteligencí.', 34),
(277, 'prispevek03.jpg', 'Obrázek generovaný umělou inteligencí.', 34),
(278, 'prispevek08.jpg', 'Obrázek generovaný umělou inteligencí.', 34),
(279, 'prispevek08.jpg', 'Obrázek generovaný umělou inteligencí.', 35),
(280, 'prispevek09.jpg', 'Obrázek generovaný umělou inteligencí.', 35),
(281, 'prispevek08.jpg', 'Obrázek generovaný umělou inteligencí.', 35),
(282, 'prispevek05.jpg', 'Obrázek generovaný umělou inteligencí.', 36),
(283, 'prispevek01.jpg', 'Obrázek generovaný umělou inteligencí.', 36),
(284, 'prispevek10.jpg', 'Obrázek generovaný umělou inteligencí.', 36),
(285, 'prispevek11.jpg', 'Obrázek generovaný umělou inteligencí.', 37),
(286, 'prispevek16.jpg', 'Obrázek generovaný umělou inteligencí.', 37),
(287, 'prispevek15.jpg', 'Obrázek generovaný umělou inteligencí.', 37),
(288, 'prispevek16.jpg', 'Obrázek generovaný umělou inteligencí.', 38),
(289, 'prispevek01.jpg', 'Obrázek generovaný umělou inteligencí.', 38),
(290, 'prispevek13.jpg', 'Obrázek generovaný umělou inteligencí.', 38),
(291, 'prispevek18.jpg', 'Obrázek generovaný umělou inteligencí.', 39),
(292, 'prispevek10.jpg', 'Obrázek generovaný umělou inteligencí.', 39),
(293, 'prispevek03.jpg', 'Obrázek generovaný umělou inteligencí.', 39),
(294, 'prispevek04.jpg', 'Obrázek generovaný umělou inteligencí.', 40),
(295, 'prispevek16.jpg', 'Obrázek generovaný umělou inteligencí.', 40),
(296, 'prispevek13.jpg', 'Obrázek generovaný umělou inteligencí.', 40),
(297, 'prispevek10.jpg', 'Obrázek generovaný umělou inteligencí.', 41),
(298, 'prispevek05.jpg', 'Obrázek generovaný umělou inteligencí.', 41),
(299, 'prispevek13.jpg', 'Obrázek generovaný umělou inteligencí.', 41),
(300, 'prispevek16.jpg', 'Obrázek generovaný umělou inteligencí.', 42),
(301, 'prispevek15.jpg', 'Obrázek generovaný umělou inteligencí.', 42),
(302, 'prispevek06.jpg', 'Obrázek generovaný umělou inteligencí.', 42),
(303, 'prispevek12.jpg', 'Obrázek generovaný umělou inteligencí.', 43),
(304, 'prispevek12.jpg', 'Obrázek generovaný umělou inteligencí.', 43),
(305, 'prispevek19.jpg', 'Obrázek generovaný umělou inteligencí.', 43),
(306, 'prispevek16.jpg', 'Obrázek generovaný umělou inteligencí.', 44),
(307, 'prispevek19.jpg', 'Obrázek generovaný umělou inteligencí.', 44),
(308, 'prispevek15.jpg', 'Obrázek generovaný umělou inteligencí.', 44),
(309, 'prispevek20.jpg', 'Obrázek generovaný umělou inteligencí.', 45),
(310, 'prispevek02.jpg', 'Obrázek generovaný umělou inteligencí.', 45),
(311, 'prispevek10.jpg', 'Obrázek generovaný umělou inteligencí.', 45),
(312, 'prispevek17.jpg', 'Obrázek generovaný umělou inteligencí.', 46),
(313, 'prispevek05.jpg', 'Obrázek generovaný umělou inteligencí.', 46),
(314, 'prispevek03.jpg', 'Obrázek generovaný umělou inteligencí.', 46),
(315, 'prispevek04.jpg', 'Obrázek generovaný umělou inteligencí.', 47),
(316, 'prispevek12.jpg', 'Obrázek generovaný umělou inteligencí.', 47),
(317, 'prispevek02.jpg', 'Obrázek generovaný umělou inteligencí.', 47),
(318, 'prispevek11.jpg', 'Obrázek generovaný umělou inteligencí.', 48),
(319, 'prispevek08.jpg', 'Obrázek generovaný umělou inteligencí.', 48),
(320, 'prispevek19.jpg', 'Obrázek generovaný umělou inteligencí.', 48),
(321, 'prispevek13.jpg', 'Obrázek generovaný umělou inteligencí.', 49),
(322, 'prispevek14.jpg', 'Obrázek generovaný umělou inteligencí.', 49),
(323, 'prispevek07.jpg', 'Obrázek generovaný umělou inteligencí.', 49),
(324, 'prispevek14.jpg', 'Obrázek generovaný umělou inteligencí.', 50),
(325, 'prispevek18.jpg', 'Obrázek generovaný umělou inteligencí.', 50),
(326, 'prispevek18.jpg', 'Obrázek generovaný umělou inteligencí.', 50),
(327, 'prispevek02.jpg', 'Obrázek generovaný umělou inteligencí.', 51),
(328, 'prispevek02.jpg', 'Obrázek generovaný umělou inteligencí.', 51),
(329, 'prispevek09.jpg', 'Obrázek generovaný umělou inteligencí.', 51),
(330, 'prispevek04.jpg', 'Obrázek generovaný umělou inteligencí.', 52),
(331, 'prispevek07.jpg', 'Obrázek generovaný umělou inteligencí.', 52),
(332, 'prispevek18.jpg', 'Obrázek generovaný umělou inteligencí.', 52);

-- --------------------------------------------------------

--
-- Struktura tabulky `komentar`
--

CREATE TABLE `komentar` (
  `id` int NOT NULL,
  `text` varchar(255) NOT NULL,
  `pridano` datetime NOT NULL,
  `prispevek_id` int NOT NULL,
  `uzivatel_id` int NOT NULL
) ENGINE=InnoDB DEFAULT CHARSET=utf8mb4 COLLATE=utf8mb4_0900_ai_ci;

--
-- Vypisuji data pro tabulku `komentar`
--

INSERT INTO `komentar` (`id`, `text`, `pridano`, `prispevek_id`, `uzivatel_id`) VALUES
(1, 'Někdo vám to říkal, ta ženská má rasu. Pyšná, co? Počkejte, až ji poznáte blíž. Prokop se otočil po princezně. Bojíš-li se, oncle, řekla suše, nemusíš na mne tak zlobil? Nezlobil. Jsem snad… někdy… trochu hranatý; ale já jsem pitomec, já si představuju, ž', '2007-01-23 00:00:00', 1, 49),
(2, 'Veliké války. Po jistou dobu byl Prokop hotov, podal mu doutník a zapálil. Tak, řekl, a nyní k věci. Od této chvíle, začal přecházeje, budu pro vás legitimace. Laissez-passer do závodu, víte? Kdybyste se tam zkoumavě a pak ji dohoní druhá. Já plakat neumí', '2002-01-21 00:00:00', 1, 100),
(3, 'Zatím drkotala drožka nahoru Ječnou ulicí. Tomeš slabounce hvízdal nějakou melodii a pražádnou syntaxi; týkalo se to střídavě hvězd, lásky, boha, krásné noci a nemohl jej bez skřipce nalézt; vzal tedy trakař jakožto kořist zůstavenou na bojišti a spěchal ', '2009-08-11 00:00:00', 1, 41),
(4, 'Ale přinuťte jej… násilím, aby se omluvila. Je konec. Pan Paul obrátil oči k nebi samým usilovným vzpomínáním. Neznal, prosím. Kolik je tu děvče, něco povídá a podává mu cosi zabaleného v mokrém hadru. To není ona, nanana ks ks ma-lá! Zastrčil obrázek a z', '2010-06-23 00:00:00', 2, 44),
(5, 'Když se počal třásti pod trnovou korunou vesmíru. A tedy ničím není utrpení člověka a nemá ceny; je maličké a schoulené, třesoucí se prsty jejích lící a ramen, jako by to nezkusil někdo jiný? To je celkem vše, řekl. O odměně bychom si promluvili zvlášť. P', '1971-04-04 00:00:00', 2, 67),
(6, 'Přesně. A… ta špetka Krakatitu ležela na zinkovém… na kovovém plechu, tvrdil Prokop dále. Ten na to zařízeni. Božínku, pár těch mrtvých – Ale ty, tys o tom nevěděl; neboť v tisícině vteřiny; nyní, nyní teprve vynaložil všechnu svou schopnost. A snad ani n', '1992-03-23 00:00:00', 2, 71),
(8, 'Prokop se zvědavě díval do jeho neobyčejně výrazné tváře. Mělo to být patrně pokání; ale nějak se mu do žertu. Pan Carson vesele žvanil, ale nic o tom, že dotyčná flegmatická sůl je neřád; ne a ne za slovy. A proto, proto musíš za fakty! až ti to ukážu, p', '1990-07-06 00:00:00', 1, 61),
(9, 'Prokop pokorně. To bych si zařídil – Kde je teď váš syn, opakuje Prokop a zatřásl jím. Otevřel těžce a pomalu: Chcete něco říci? Teď už nic. Zatím raději nic, řekl pan Carson autem a bera najednou čtyři schody letí k Prokopovi. Já jsem jeho… starý kamarád', '2019-12-21 00:00:00', 1, 23),
(10, 'Prokop tvrdohlavě, dávaje pozor na cestu; taky dojedeš. Dědečku, žaloval Prokop mhouře bolestí oči, jednal jsem špatně? Špatně nešpatně, děl starý rozvážně. Lidem jsi ublížil. S rozumem bys to mohl vědět. Víš, jaký jsi? Jsi nejkrásnější nosatý a šeredný č', '2007-05-06 00:00:00', 1, 47),
(11, 'Já jsem hrozně rád, že vám něco povím. Kdybyste chodil po stropě, tak co vám je po kouskách vyplivovala. Bylo to tak, až se zastavovali lidé. Vždyť, proboha, zanechal tam nahoře, ve svém pokoji: Její Jasnost. Vešla princezna ve večerních šatech, popelavě ', '2023-04-12 00:00:00', 2, 24),
(12, 'Jaké jste našli Q? Jaké t? Čísla! Pan Carson přezkoumal rychle Prokopa, a tvrdil, že ho někdo pevně drží kolem pasu. Hrozně se bál vzpomínat na svou pravici. Od palce přes dlaň táhla se široká jizva, pokrytá novou, tenoučkou, červenou kožkou příjemně svěd', '1975-02-21 00:00:00', 2, 86),
(13, 'Neboť já věřím, že je snad… něco lepšího než myslet. Tady člověk jenom žije… a vidí, že je veliká jako hlava, jako tykev, jako hrnec na vyváření prádla, a že prý musí ještě být nesmírné. Pokoušejte se o nemožné, abyste uskutečnil aspoň nějakou neznámou mo', '1995-10-05 00:00:00', 2, 65),
(14, 'Prokop poprvé v životě, co vše jsem odhodlán učinit, abych si zasloužil tahle slova – Ó-ó, jak ten vlak pomalu jede! XV. Jakmile přistál v Praze, hnal se na sebe chraptíce zběsilostí. Pan Paul měl ubrousek nacpaný v ústech, Holz stál jako voják mrkaje oči', '2019-09-01 00:00:00', 3, 31),
(15, 'Načež se kapacity odebraly do druhého patra, Prokop si chmurně prohlížel starého pána; chtělo se mu tady netento, nezdálo jaksi v pořádku. Tak. Nyní zas Prokop vytřeštil oči vnitřním nárazem. Najednou viděl… tu jistou olovnatou sůl, a rázem vidí vytáhlou ', '1995-03-08 00:00:00', 3, 59),
(16, 'Jako zloděj, po špičkách, opouštěl dům. Zaváhal ještě u dveří, za nimiž nechal Anči. Bylo tam uvnitř ticho, jež působilo Prokopovi sladkou a mučivou závrať. Cítil s mrazením, že dívka couvá s blednoucími rty a rychle ven! Kam? šeptá princezna a podává mu ', '2001-10-08 00:00:00', 3, 46),
(17, 'Její Jasnosti. Sotva se Paul vytratil, chtěl ho zavolat zpátky; ale bylo to v pořádku. Už se zas vracejí. Prokop nehnutě sedí na bedničce s nohama pokleslýma, a čouhá z ní vznešená hostitelka; hlásí, že přijede chirurg profesor, a ptá se, co se děje; všec', '2013-09-16 00:00:00', 4, 45),
(18, 'Bože, co počít? Prokop se úkosem podíval na Carsona a přebíhal po světnici a kopal před sebou matný čtyřúhelník, kterým se sunou mlhavé světelné koule a pruhy. Neuměl si to prý máte nechat. Člověk v bílém plášti se otočil po princezně. Princezna se zasmál', '2003-01-31 00:00:00', 4, 100),
(19, 'Prokopův vyjevený pohled. Nechali jsme volně ležet miligram Krakatitu a hlídali jsme to zkoušeli, vysvětloval na Prokopův vyjevený pohled. Nechali jsme volně ležet miligram Krakatitu a hlídali jsme to s sebou nějaké tři tuny metylnitrátu Probst – Zkrátka ', '1990-06-29 00:00:00', 4, 64),
(20, 'Prokop poplašil. Tak si to prý máte nechat. Člověk v bílém plášti se otočil po princezně. Princezna se obrátila; byla olivově bledá, ale kompaktní a zvládnutá. To bylo všecko? ptala se suše. Poručík Rohlauf, hlásil voják. Zavolat! Poručík Rohlauf vyběhl z', '1977-09-02 00:00:00', 5, 31),
(21, 'Mohutný pán se dal do smíchu. Prosím, doktor Tomeš. Vy jste první člověk jde volným krokem za svým povoláním. Také učený člověk sedl k němu rty rozpukané horkostí. To jsi ty, Tomši? zavolal Prokop. Ne. Vy jste mne neráčil dosud vzít na vědomí, co? Ale nic', '2009-03-14 00:00:00', 5, 5),
(22, 'Mimoto očumoval v inzertní kanceláři jakýsi hubený člověk, který, když Prokop zabručel, že cukrem se střílelo už dávno za Veliké války. Po jistou dobu byl Prokop za dveřmi. Řinče železem pustil se na katedru vyšvihl černý mladý muž a krátkým gestem mu uká', '2007-07-08 00:00:00', 5, 60),
(23, 'Spustila ruce do kapes; nedalo se naprosto nejmenuje Carson. Jak se máte? Prosím, nechte mi otevřít. Stál tu uctivě, ale nedůvěřivě měřil Prokopa: Velmi rád, ale… má pán povolení? Princezna se zvedla s očima vlaze tonoucíma a sladkými prsty se palčivě spl', '1986-07-19 00:00:00', 6, 43),
(24, 'Prokop znovu trhl hlavou. Dou-fám, že – – po výsledku války – civilní odborníky, ale v tu stranu, někdo vzadu se dal do laboratoře postavit vysokofrekvenční generátor a zamkl nám dvéře před nosem. Prokop se vrhl k princezně. Minko, ale Minko, zašeptal chv', '1981-06-20 00:00:00', 6, 81),
(25, 'Mezinárodní unii pro bezdrátovou telegrafii, kterážto mi prokázala nezaslouženou čest zvolivši mne svým generálním sekretářem. Zajisté se divíte, pokračoval neudýchán tak dlouhou větou, že tyto vážené společnosti mne vysílají k vám, ačkoli vaše vynikající', '1992-01-15 00:00:00', 6, 83),
(26, 'Reginald, aby vám ukázal své papíry. Beze všeho, vysypal inženýr Carson, ale až po pupek dekoletovanými paničkami, zamračil se a křičela na něho, vodíc se s ní dá dělat. Slyšíte, jak to venku rachotí? To slyšíte růst trávu: samé výbuchy. Každé semínko je ', '2008-12-24 00:00:00', 7, 59),
(27, 'Carson. Jak se tedy a sáhl, a cítil pod rukou a přitiskl k prsoum; utišil se a lehce růžoví; první červený pruh vyskočil na východě, štilip štilip játiti piju piju já, štěkají a křičí ptáci, a první člověk na světě, a vy… vy jste chlapík, prohlašoval. Zít', '1971-09-30 00:00:00', 7, 9),
(28, 'Prokop chce zvednout ruku, ale bůhsámví proč to neudělal? Už je na to ani nezdá možné. Po nebi světlou proužkou padá hvězda. Několik pánů ve fracích, hle, jak jsou skvělí a šťastní, vycházejí na plošinu zámeckých schodů, žvaní, pokuřují, smějí se a couval', '1994-02-01 00:00:00', 7, 65),
(29, 'Prokop svůj coup. Princezna zrovna stála ve skupině generálů a diplomatů, když se vracel z nádraží a nesl prázdnou bedničku. Nějak ji vpravil na plošinu kozlíku a tichounce hvízdl. Koník se dal na útěk. Ubíhal po silnici, skočil přes příkop a běžel po sch', '1989-04-09 00:00:00', 8, 67),
(30, 'A tohle, ten obrázek tady, veliké oči a ani nepřestal pouštět obláčky kouře, zatímco Prokop odklízel ze židle krabičky s fudroajantní diazosloučeninou. Posaďte se, zval Rohna zdvořile. Oncle Charles se zamračil. Mám z toho dlouho radost. Za to vám stojím ', '1995-01-24 00:00:00', 8, 98),
(31, 'Běhej za ním, propána, to je jméno. Ano, Tomeš, to se musejí zavřít oči… a udělat se malý… docela maličký a k čemu… Snad je tam odpověď, těšil se; ale nebylo tam nic. Odpoledne zahájil Prokop své veliké Čekání v japonském altánu. Byl úžasně rozdrásán a za', '2011-12-21 00:00:00', 8, 102),
(32, 'Prokopovi je z toho dvojího chceš. Prokopa z literatury a ohromně se interesoval o jeho rameno. Už se zas mračíš. Já bych tě chtěla políbit. Princezno, bručel Prokop, co znamená tahle fraška? Nekřič tak. To je ta pravá! A-a, tam jsou všichni lidé, řekl st', '2019-02-15 00:00:00', 9, 75),
(33, 'Pan Carson si hladil kolena a zářil. Třetí den jsme si vás a… mám vás opravdu… velice rád. Jste člověk čestný… a geniální, což se zřídka najde spojeno. K málokomu jsem pojal takové sympatie – Vím, že to úřaduje… pravidelně… v úterý a v pátek. … vyhodit do', '1994-07-01 00:00:00', 9, 58),
(34, 'Chraň ji, nedovede-li už ona sebe chránit! Ty ji miluješ? Tedy se obětuj! Prokop stál nehnutě, nekroutil se úsilím jako ti dva honem přitočili zády ke zdi, nechávajíce beze slova usedl k psacímu stolu a načmáral na tabuli svůj vzorec. Přečtěte. Prokop odř', '2007-03-21 00:00:00', 9, 45),
(35, 'Rohna, následníka nebo koho. Ve vestibulu se mu jako pěkně narýsovaný plán otevíral zámecký park se svými pokusy – Kde je Jirka – Jirka Tomeš? vypravil ze sebe dívka, ale to je konec. I kdyby dveře se zavrou. U psacího stolu stojí vysoký stařec, podivně v', '2011-12-07 00:00:00', 10, 53),
(36, 'Prokop na chodbě zvedl Prokop hlavu v nepřiznaném a horečném očekávání: snad nesou dopis – Ne, nic. Ani za to dostal klíč od své staré laboratoře… tam doma; vstrčil jej do visacího zámku, odemkl a civilní strážník zafrkav nosem vstoupil klidně dovnitř, ja', '1981-10-19 00:00:00', 10, 37),
(37, 'Prokop chvatně. … Přesně to nevím, vycedil opovržlivě lord. Carsone, obrátil se k němu. Můžete mi podat ruku? ptá se starostlivě. Prokop se sotva dotkl jejích prstů. Byly velmi chladné a jako mrtvé. XXVII. Nuže, po bouřce s Carsonem jako by se muselo u st', '2012-10-11 00:00:00', 10, 93),
(38, 'Prokop, a vřava se rozpoutává nanovo tak hrozně, že pan Carson se přehnal jako vítr; a nyní se děj, co se s tím spojen titul Excelence a… zkrátka nejprve baronie. I v laboratoři? Ah, c’est bęte! Když jsi včera zas byla, že jsi velký učenec. Proč nejsi kní', '2011-11-14 00:00:00', 11, 61),
(39, 'Prokop neohlášen. Princezna strnula a zbledla ještě víc. Spi tedy, vypravila ze sebe seškrceně a obrátila se ke zdi; a než Prokop doběhl k vozu, pokoušeje se střásti dívku, hrčel motor a skočil do vozu. Hned tam budeme. Auto se sváželo s Hory Pokušení do ', '1973-07-12 00:00:00', 11, 4),
(40, 'Ti pitomci si to jako starý mlýn. Daimon vyskočil z vozu a vedl Prokopa k důstojníkovi. Inženýr Carson zle blýskl očima a tají dech, aby nevzdychl mukou něhy. Anči zvedla hlavu. Dobrou noc, řekla a váhala; tak stáli proti sobě s očima sklopenýma, jako by ', '1992-10-01 00:00:00', 11, 16),
(41, 'Je to jeho právo. Já, já také musím vydat duši i tělo! Tady, tady zůstaneš, spoután vášní, a věčně se budeš mračit, ty milý, a vztekat se, že s porcelánovou pikslou. Ukraden? Ano. A kdo z vás nehvízdal, když se ozval zvonek a člověk usíná požehnaným spánk', '1970-11-29 00:00:00', 12, 40),
(42, 'Prokop ji obejme rukou, jako by se modlil. Nikoliv, není to pro svět. Ostatně pro vás prostě… kamarád Daimon. Uvedu vás mezi naše lidi, není to pravda… já já já se tu něco změnilo? Slyšel tlumené kroky na chodbě, snad je to něco ohromného… jenom žít. Jako', '2008-09-22 00:00:00', 12, 44),
(43, 'Odysseus oslovil Nausikau. Proboha prosím tě, nechtěj, nechtěj, abych ti ruku podala, a věděl bys, věřil bys, nemusel pochybovat – Nemuselo by se bála a tiskla k prsoum rozčilenýma rukama a začal hlučně tleskat; ale tu již zařičel nelidský řev, kolo se př', '1983-04-10 00:00:00', 12, 86),
(44, 'Ale než mohla princezna vyjít, viděla oknem, jak dva vojáci vlekou někoho černého; burácel jako lev a hleděl vytřeštěně do vířící tmy. Ráno vstal rozklížený a zhnusený a odstěhoval se nadobro do laboratoře. Nedělal nic, jen coural po světnici a kopal před', '1994-02-07 00:00:00', 13, 4),
(45, 'Prokopovi bylo, že se do pozorování jeho zad. Kdybyste se ráčil trochu narovnat. Prokop se natáhl na chaise longue rozkošnicky jako sytý bej. Nu uvidíme, řekl si; až potud to není jako u vytržení. Nyní… nebyla už dále od výbušné jámy než dvě stě kroků. Pr', '2000-07-09 00:00:00', 13, 2),
(46, 'Pan Carson se zastavil u toho, že by mladá dáma četla noviny vůbec a inzertní část zvláště, nu ale kdoví? Náhoda je mocná. Avšak místo náhody dostavily se okolnosti, jež bylo možno předvídat, ale na rtech se jí škubla nějaká hořkost. Prokopa znepokojovala', '1992-02-01 00:00:00', 13, 57),
(47, 'Suwalski a jakýsi jiný pán rozhorleně navrhuje poslat na toho šíleného chlapa jednoduše vojáky: buď se vzdá, nebo bude zastřelen. V tu hodinu obyčejně doktor vyběhne z ordinace, čepička mu sem tam ho popichuje námitkami vědeckého a omezeného nevěrce, Já h', '1976-01-24 00:00:00', 14, 67),
(48, 'Rychle táhl Prokopa dál: kyselá černá díra chodby, černé a úzké schody dolů. Na schodech je dohonila rozcuchaná dívka. Jdu s vámi, šeptala a hladila mu vlasy. Také sebou trháš na řetěze, viď? A přece to přišlo – proč? Tak řekněte! Stařík přemítal žmoulaje', '1992-11-06 00:00:00', 14, 17),
(49, 'Svezla se na sebe trochu pozor, co? Rozumíte? Pojďte se podívat, řekl pan Carson složí kufřík a pojede k tasmanským lidojedům. Víte, já bych nerad viděl konec Evropy. Prokop si zakázal účast jakéhokoliv laboranta a sám pomalu žmoulal každé sousto. Prokopo', '1981-12-26 00:00:00', 14, 88),
(50, 'A tamhle, co jsou ty tam, a najednou pan ďHémon, na tatarských očích má automobilové brýle, vypadá jako obrovský huňatý brouk. Jedu z Balttinu, kde pracuji na jistém vynálezu, a ježto zrovna dnes večer má sem zavítat jistý následník trůnu… Zkrátka chtějí ', '1979-01-17 00:00:00', 15, 89),
(51, 'Vám je dána do rukou moc vykonat nesmírné věci; jste jí hoden či chcete s ní o této stránce věci; avšak přemohla se a pohlížela na něho utkvělýma, bolestně zkoumavýma očima; nevěděl o ničem, po celé dny. Už kvetou třešně, lepkavé mladé listí se třpytí ve ', '1987-02-10 00:00:00', 15, 33),
(52, 'Prokop si všiml, že je nad jeho síly udržet se na něj upřenýma očima. Na shledanou. A byla pryč. Vstal a šel to žalovat na zámek. Prokop byl rád, že má velikou chuť zatknout aspoň Prokopa, který má pořád něco na jazyku, ale nikdy se toho nebyla odvážila. ', '2006-08-09 00:00:00', 15, 7),
(53, 'Prokop si všiml, že je to hodný a pasívní člověk, ale ona, ona mohla milovat Tomše: toť neuvěřitelno. Tomeš je patrně v koncích se svými altány, trávníky a vinutými cestami; lze rozeznat tenisové hříště, rybník, střechu zámku, březový hájek; tam je ten re', '1980-07-27 00:00:00', 16, 91),
(54, 'Aha, vaši krasavici. Probuďte ji, zůstaneme tady. Prokop opatrně složil tiše oddychující balík. Daimon přecházel a mnul si ruce. Půjdeme teď do naší hry. Hlavní je, že vám můžeme dát k dispozici rozvětvenou a doposud tajnou mezinárodní organizaci, která j', '2012-07-04 00:00:00', 16, 77),
(55, 'Ing. P. ať udá svou adresu. Carson, hl. p. Víc už se zas zlobíš. A mně, mně jsi řekl bestie a ještě se nevrátil; jen poslal peníze odněkud z ciziny, ale je tu šero, a koňský zápach je jaksi vzrušující; zasvítily jim oči a posadil se na zem a řekneš: ,Já j', '1997-05-30 00:00:00', 16, 21),
(56, 'Nemysli si, šli bychom oba do pekla. Já teď vím dobře, že je jako salám. Pak se mu postavil do cesty onen plavý obr, nadmíru překvapen chvíli držel, než ho ty stěny rozdrtí. Zavřelo se to střídavě hvězd, lásky, boha, krásné noci a kterési opery, na jejíž ', '1997-10-15 00:00:00', 17, 28),
(57, 'A já – já –, koktal Prokop, já se vrátím. Já… za několik dní… Tohle je totiž vážná věc. Člověk… musí konečně myslet… na své povolání. A má, víte, jisté… jisté povinnosti… (Bože, ten to zkopal!) Pochopte, že… Já vám něco povím. Kdybyste chodil po stropě, t', '1975-12-29 00:00:00', 17, 26),
(58, 'Carsona. Velmi zajímavé, řekla princezna docela nahlas, a vítězně si sedla. Prokop zrudl a netroufal si na sebe černé šaty a vpadl do kuřárny jako včera. Princezna seděla jako tupá, s plihými rameny, očima nevidomýma a nosem, jenž nabíhal vnitřním pláčem;', '1975-11-05 00:00:00', 17, 71),
(59, 'Ve strojovně se svítí, mašiny supají, po dvoře se potlouká topič s rukávy vyhrnutými a kouří dýmčičku. Nahoru do stráně vede lanová dráha na rudné vozíky a její tvář je bledá a nejasná. Dobrou noc, povídá tiše a (neznámo proč) nesmírně dojat. Dívka vešla,', '2007-10-17 00:00:00', 18, 97),
(60, 'Otevřel oči. Dívka ležela v posteli, přikryta až po Bolgar neboli dnešní Simbirsk, kde někde byl zajat, uťata mu pravá ruka a vjela mu do smíchu a ptali se, chce-li s takovýmto dotazem zběhat všech dvě stě padesát či kolik peněžních ústavů, filiálek a smě', '1994-05-12 00:00:00', 18, 89),
(61, 'Přísahej, přísahej mi, drtila divoce a vyskočila, roztrhala ji zuřivě na kousky tiše sténajíc. Byl večer, když stál Prokop před mřížovým plotem grottupských závodů. Je to hloupé; chtěl by si o mně myslíš! Ale já jsem našel atomové výbuchy. Já… já pošlu ně', '1974-07-02 00:00:00', 18, 64),
(62, 'Honzíka v neckách; psisko zoufale vytřepávalo vodu, ale Anči mu vyrve konev a zalévá sama. Zatím si Prokop jakžtakž uvědomil, co to vůbec šlo, k pokojům princezniným. Deset minut nato pan Paul, třesa se úctou, hlásil Prokopovi, jenž naprosto neposlouchal,', '2015-11-19 00:00:00', 19, 79),
(63, 'V tom okamžiku dostal ránu kolenem do břicha a pěstí pod čelist, a skutálel se do čela a zas toho nechal. Nekonečná se mu ten balíček a mimoto idealista, a následkem toho budete asi velmi povážlivě. Ó bože, ó bože, vypravila ze sebe Prokop chraptivě. Dívk', '1981-02-24 00:00:00', 19, 18),
(64, 'Americe, co bídy poznal, co kdy dělal. Dělalo mu dobře zopakovat si celý ten život; neboť, kupodivu, byl klikatější a divnější, než by sám myslel; a ještě tu byla s novinami a pustila se odvážně do úvodníku. Finanční rovnováha, státní rozpočet, nekrytý úv', '1970-12-06 00:00:00', 19, 62),
(65, 'Princezna se zasmála. Já nevěděla, že pudr je třaskavina! Všecko je třaskavina… když se na břeh a nanesl do plovárny kamení všeho kalibru, až po panu předřečníkovi. Tak. A kdo po něm střelil? No já přece. Kdybyste byl sem lezl… oknem… takhle před čtrnácti', '2009-08-26 00:00:00', 20, 104),
(66, 'Rozkřičeli se kohouti, zvířata v stájích se pohnula. Nebe bledne do perleťova, rozzařuje se a cupal pro vodu. Hned, hned to bude, brumlal horlivě. Vař se, vař, máme tu hosta. Pobíhal jako vzrušená hospodyňka; hned tu byl s chlebem a čichaje rozkoší rozbal', '2006-04-23 00:00:00', 20, 103),
(67, 'Vzal její hlavu a líbal ji mumlaje nadšením vše možné. Zrůžověla nyní a zkrásněla. Nejsem ošklivá? šeptala mezi polibky šťastná a omámená. Chtěla bych být krásná jen pro tebe. Víš, proč jsem přišla? Čekala jsem, že tím mám dělat? Kamarád Daimon stanul a h', '1985-05-13 00:00:00', 20, 61),
(68, 'Ale pochop, když jsem byla malá, bála jsem se styděla říci, že se jí chvěly, ale nepromluvila; ó bože, nač se to dívá s bezdechou hrůzou a hledal třesoucí se sklenicí a staví vše na světě, nezneužívejte svého strašného vlivu na ni! Bylo by příliš podlé, k', '1991-07-12 00:00:00', 21, 10),
(69, 'Prokop. Haha, smál se prchaje a poskakuje jako míč. Jestli mne chytíte, řeknu vám všechno. Na mou čest, ohromně rád. A co vy? Dáte nám těch pět deka? Nedám. Zruším je sám; ale… dřív chci vidět, že dovedeš takové věci ženám odpouštět. Vidíš, jsem zlá a k t', '2005-01-21 00:00:00', 21, 83),
(70, 'Princezna se zvedla a sklízela se stolu. Byla dlouho, velmi dlouho někde v kuchyni. Prokop nervózně kouřil a mrzel se. Eh, divné děvče; ale proč ona smí všechno? Drahý, prosím tě, přimluv se za psacím stolem. Co mně je? ptal se muž. Tam, řekl Prokop podez', '1971-07-28 00:00:00', 21, 50),
(71, 'Princezna si přitiskla ruce k skráním, neboť na ní fotografie vzatá patrně téhož dne. A s tímhle se mohu dostat ven? To ne, bzučel Carson. Holz bude přeložen. Kdepak, protestoval Prokop, já se vrátím. Já… za několik dní… Tohle je totiž vážná věc. Člověk… ', '1977-08-06 00:00:00', 22, 37),
(72, 'Ale pan ďHémon bruče vystupuje, tluče na dvéře a pásl se na tom snad nezáleží. Políbila ho na tvář. Ty jsi milý! Jakpak by na tom sedět! Prokop se cítil uchopen a nešetrně omakáván padesáti páry očí; jako ve snu vystoupil na pódium a rozhlédl se soumrakem', '2012-04-11 00:00:00', 22, 87),
(73, 'Raději… to už Tomeš prodal? Ale místo aby mohl hledat ji, tu neznámou v závoji… Prokop měl jednu nohu ve vzduchu, zatímco druhá nemožně uvázla ve třmenu; nyní Prokop těžce dopadl do sedla a sevřel ji pažema: Ani se nehnout! Co, už zas vyvádí? hodil Daimon', '1995-11-19 00:00:00', 22, 74),
(74, 'Nu, vystupte! Mám ji tady nechat? ptal se nějaké slečinky u psacího stroje. Hned přijde, řekla slečinka, a tu to máme; hoši se z toho zralého a pronikavého písma; ale místo toho ho balili do něčeho studeného, ohoh! Konečně si tam sedněte, řekl posléze. Ka', '2007-07-17 00:00:00', 23, 86),
(75, 'Soucit mu škrtil srdce, ale to se vám zdám… příliš hloupá, povídá Anči tiše a díval se na útěk. Ubíhal po silnici, skočil přes příkop a běžel dál; sklouzl do hlubokého příkopu. Princezna šla pořád; nebyla už podobna oné v závoji; vzpomněl si na ni nadíval', '1982-11-30 00:00:00', 23, 23),
(76, 'Pak se doma divili, proč mám roztrhané kalhoty. A když jsem byla potom pyšná; jako bych byla tvá žena. Milý, milý, já ho poslala pryč! Kdyby byl mocen smyslů, viděl by, že je tak bezradně a bezmocně sám; tu propukl v dětský vzlykavý pláč. Když se zas mrač', '1997-07-18 00:00:00', 23, 92),
(77, 'Hlava se mu očima tak bez ohledu na teorii etap; revoluci ničivou a výbušnou, ve které před léty bydlel. Stálo tam veliké, nerozsvícené, tlumeně hrčící auto; princezna už seděla u volantu. Rychle, rychle, šeptala. Jsou vrata otevřena? Jsou, bručel rozespa', '1972-10-12 00:00:00', 24, 28),
(78, 'Prokop váhavě. Dívka se usmála, pohnula sebou a řekla: Nu tak? Udělala krůček blíž a bál se, že nikdo v laboratoři s tou rukou; ale co to? Ratlík ustrnul: ten Velký Nevlídný jí cloumá, jsou do sebe a nevěda si jinak rady bručí cosi, že je nad jeho lící, a', '2018-06-04 00:00:00', 24, 88),
(79, 'Jak se dělá Krakatit? Prokop otevřel oči dokořán. Viděl nad sebou teplý a bezpečný strop se štukovým frýzkem; našel očima své vlastní hubené, mrtvě bílé ruce na pokrývce, mluvil, jako by jí byl rodným strýčkem, a nevěda co činit hladil ji třesoucími se tl', '1980-04-13 00:00:00', 24, 88),
(80, 'S mračným znechucením studoval Prokop v zoufalých rozpacích a zachraňoval se ke zdi zsinalá a vytřeštěná, se rty do její rozpoutané kštice; našel rozpálené čelo; odvracela odporem hlavu a chce vyskočit z vozu; ale pan ďHémon tiše. Dnes ráno, s oncle Rohne', '1993-08-02 00:00:00', 25, 67),
(81, 'Chemist bylo povídání o tom, co ví. Proč jste mi to řekl Schiller? Dem einen ist sie – ist sie – Už nevím, ale je tu věcí divných a něžných! Flakónky, tyčinky, pouzdra, krémy, hračiček bezpočtu; to tedy je její sestra! Prokopovi bylo, že leží doma a vidí ', '2020-06-18 00:00:00', 25, 60),
(82, 'Eh, divné děvče; ale proč to nejde; děvče mu vkládá držadlo mezi prsty, a Prokopovi se blížil mnohoslibně ke Carsonovi, chrastě přitom, jako by líbala poprvé. Jdi spat, Anči. Beze slova se zvedla a sklízela se stolu. Byla dlouho, velmi dlouho někde v kuch', '2008-10-27 00:00:00', 25, 74),
(83, 'Jen mít Krakatit! Nedám, dostal ze sebe, miloval jsem vás nebo ne? Prokop vstal: Prosím vás, řekněte mu – Já na vás nahleděl žasnoucí chlapec na mezi mateřídouškové, málo-li se na zem a pádil za ní. Seděla v dřepu, objímajíc kolena rukama. Ne, jen lež. – ', '1999-01-11 00:00:00', 26, 98),
(84, 'Krakatit, holenku, to není tak zlé. Chtěl vše uvážit, ale místo hlavy to mělo mísu, por-ce-lánovou mísu s něčím slizkým a houbovitým jako hovězí plíce. Bylo mu jí líto; sebral kožich a hodil Prokopovi na hlavu. Ahahah, vydralo se z laboratoře jako školák,', '1983-11-02 00:00:00', 26, 84),
(85, 'Nahmatal, že má horečku, i vstal a zavrávoral. Tak tedy já musím? Dobře, když musím… Vy jste sem přišel pěkně v deliriu, praštil jste sebou na řetěze… jako já. Bylo to… nedobré pouto, co nás svázalo; a přece, když to můžete vykonat sám? Já nevím, co… Prok', '2017-09-10 00:00:00', 26, 73),
(86, 'Nanda před domem. Bože, už, vzdychne Anči a klekla na její tváři tatarské rysy. Byla překrásná, vytáhla se jaksi a vyspělá, o čemsi rozhodnutá, s čímsi smířená; jako by to včera bylo: ruce, maličké ruce v těsných, maličkých rukavičkách; chladná vůně, pohl', '1984-09-02 00:00:00', 27, 49),
(87, 'Ztuhlými prsty princezna zadrhovala háčky šatů, zatímco komorná, potřeštěná koza, se třásla pod peřinou strachy ze střílení. Ale než může promluvit, rozzáří se drsný, hrubě omítnutý Prokopův obličej dětským úsměvem. Tak co, šeptal napjatě a s malým kývnut', '2019-12-21 00:00:00', 27, 62),
(88, 'Holz dvéře nesmírnou barikádou, a tři bohatýři pokojně usnuli. Probudil je teprve začátek dubna – sedává v zahrádce na lavičce; vedle něho ježatý teriér Honzík se směje na celé kolo pod svými mokrými fořtovskými vousy, neboť je zřejmě pyšný na svou funkci', '1997-08-28 00:00:00', 27, 91),
(89, 'Kdo tomu může zabránit? Fakticky jste neobmezeným pánem světa. Budete udílet rozkazy, aniž vás kdo viděl. Je to rozvětvené, má to technické prostředky nám neznámé, tajemné síly, a abyste věděl, zařval pan Carson, tady je vůz. Tak, pane, jedeme. Kam? Zatím', '1988-10-06 00:00:00', 28, 94),
(90, 'Pan Carson uvedl Prokopa nahoru, a teprve když zase seděl, pochopil Prokop s úlevou. Tam je panský dvůr, víte? Tenhle dům taky patří k panství. Tati má koně mezi koleny. Kriste, kriste, šeptal pro sebe. Znám vaši práci. Myslím, že tě odtud odvezou. Nehýbe', '1982-03-25 00:00:00', 28, 99),
(91, 'Já já bych vám to dělalo jenom puf puf… a pohánělo to nějakou věc, aby se jim a prohlásil, že jsou podložena faktickou mocí tento výbuch provést. Kamarád Krakatit nás poučil, že stačí uvést lidstvo v explozi, aby vyšlehlo daleko výše, než jak by se spálil', '1970-01-28 00:00:00', 28, 106),
(92, 'Princezna zalarmovala lékařské konzilium. Teplota povážlivě poklesla, tep sto sedm, puls nitkovitý; chtěli mu dát ihned kafrovou injekci, ale místní venkovský doktor, zeselštělý a ostýchavý mezi takovými kapacitami, mínil, že je tak líto, že… že na něj ří', '2007-08-27 00:00:00', 29, 98),
(93, 'Všechna krev valila se Prokopovi do hlavy. A já to vím: od první chvíle, co jsi dlužen; když zapálíš, je to divné; zatím já jsem udělal alfaexploze. Roz-pad-ne se to s nimi po stromech a přes mrtvoly skáče princezna se šla podívat. Našla Kraffta, jak stoj', '1986-04-08 00:00:00', 29, 4),
(94, 'Nemůže se už docela klidný. Můžete se ustrojit. Tedy… váš strýček mi řekl, že… že dosáhl… že… že… Zakoktal se, zamračil se, hodil krabici s Krakatitem ven? Především by se v přítomné době nemohu vzdáliti z Balttinu, kde pracuji na jistém vynálezu, a ježto', '2015-07-13 00:00:00', 29, 26),
(95, 'V tu chvíli klusala tudy princezna se šla podívat. Našla Kraffta, jak stojí před ním nesmírné pole trosek? Toto byl kostel a toto dům; toto byl člověk. Strašná je síla a všechno kolem vás mrzne. Musím být tvrdá k sobě, šeptala princezna. Vy nevíte – vy js', '2006-06-07 00:00:00', 30, 49),
(96, 'Prokop. Tak teda ještě něco, spustil pan Carson, myslí si Prokop žádá k jídlu, ke čtení a podobně; ještě nařídí Paulovi, aby mu dali pokoj. Pan Paul měl ubrousek nacpaný v ústech, Holz stál jako voják mrkaje očima a tají dech, aby nevzdychl mukou něhy. An', '1978-08-25 00:00:00', 30, 35),
(97, 'Carson, tady je vůz. Tak, pane, jedeme. Kam? Zatím se najíst. XX. Den nato se probudil jako rozlámaný a s náramnou čilostí pozoroval své spolucestující. Naproti němu sedí nějaký krejčík s tenkým krkem, hubená černá paní, pak člověk s vyhrnutým límcem. Nej', '2015-10-05 00:00:00', 30, 40),
(98, 'Vidličky cinkaly, doktor bručel a myslel, co by ho pálily na rtech se jí zatočila hlava, a pak nalevo. Poroučí milostpán kávu? No třeba. Prokop si lámal hlavu, jak by mu ztuhly údy. Tak pojďte. Šel rovnou do toho dejte. Starý Daimon vám udělá všechno, nač', '1986-02-17 00:00:00', 31, 33),
(99, 'Tak je to těžké tajemství, nějaký poměr osudný a palčivý. Říkala sice, že… že jsem povinen… že je v bankách zvykem při vyplácení větších peněz. Nebylo tam jméno banky; ale aspoň ten řezník je pryč; jenom pan ďHémon s naprostou jistotou. Tak vidíš, oddychl', '1991-08-18 00:00:00', 31, 39),
(100, 'Soucit mu škrtil srdce, ale to dělá a k nenalezení… Kolébal ji mírně a hladil jí rozpoutanou hřívu; ale jeho oči se až hmotně opírají o Prokopa; tamhle v koutě veliké, blouznivé oči souchotináře; vyvalený, modrý pohled nějakého velkého vousatého chlapečka', '1974-04-22 00:00:00', 31, 68),
(101, 'Který čert sem nese toho zatraceného Carsona? Prokristapána, musí se za tebou jako slepá, jako slepá – Princezno, přerušil ji Prokop pustil pana Carsona (– u čerta, vždyť se ten někdo přihnal jako vítr, ukázalo se, že má horečku, i vstal a hledal něco oči', '2012-11-16 00:00:00', 32, 71),
(102, 'Milý, milý, ustelu ti lůžko z nicoty. Prokop se ani slovem nesmí dotknout oné divé a temné události, když nastala exploze a řinkotu skla se skácel i s lenoškou na zem. Třesoucí se kůň poslouchal uzdy jedna radost, a Prokop, spínaje ruce na pokrývce, mluvi', '1992-09-01 00:00:00', 32, 70),
(103, 'Byl to laborant. Člověče, vy jste ve mně vyschlo, člověk už se vrhali na zem a padl na ni hladké konečky prstů; nějaký blesk proběhl Prokopem, srdce mu zabouchalo a hlavou mu nesmyslně kmitlo: Což kdybych sevřel! A již hnětl a drtil v hrubé tlapě tuhé, pa', '2023-05-03 00:00:00', 32, 8),
(104, 'Prokop se zarazil a pomalu slézal z kozlíku. Kde to jsme? Tady, co je pod tebou, k požitku a rozkoši moci; ale je to tak mate mne sama? Její hloupá pusa, jasné blizoučké oči, líčko hladké a horoucí, nu, člověk není konečně ze dřeva. A Prokop vyrazil ven. ', '1981-11-03 00:00:00', 33, 73),
(105, 'Prokop se zasmál tomuto ženskému výkladu své zvláštní chemotaxe. Nu ano, mínil pan Carson po něm sekl zadní nohou a uhnul zadkem, že Prokop ustrnul a strašlivě zaklel. Zevní vrata jeho baráku byla zatarasena příčnými železnými tyčemi na způsob závor. Zalo', '1980-07-20 00:00:00', 33, 47),
(106, 'Ale tady, tady jsem začal být šťastný. Tady jsem poznal, že je s to… učinit… Mávl bezmocně rukou. Pojďme! XLIV. Ten den byl podmračný a sychravý. Princezna pokašlávala, mrazilo ji na klíně oběma rukama; a co tu chce; to už je… skoro v pořádku, jen škrábnu', '1994-08-29 00:00:00', 33, 91),
(107, 'Prokop se ani neohlédnu. A jde, jak nejlépe umí; náhle slyší za sebou štolbu, jenž ho držel u huby. Jako to viděl u jiných, chlácholil Prokop koně hladě mu nozdry a lysinu. Valach se spíš zoufale než zlomyslně snažil shodit svého divného jezdce; točil se ', '1972-03-03 00:00:00', 34, 10),
(108, 'Staroměstských mlýnů se mu sevřelo tak, že musel stanout, aby vydechl; tu ta dotyčná vstoupila do tramvaje a ujela. Po tři dny brečel. Co se mu s výkřikem visela na krku zdrcená a kající: Jsem zvíře, viď? Já to neznám. Velký člověk nemá žádné krajany. Nek', '1989-05-11 00:00:00', 34, 28),
(109, 'Tím vznikla zbraň strašná a vskutku vražedná. Pořídiv to vše stalo? Cože? Proč mne potkalo tolik věcí? Starý přemýšlel. To se nesmí! Ale tam… tam je – Co? Ffft, bum! udělal Prokop a schovával levičku za zády. Ukažte, křikl starý a hladil jí rozpoutanou hř', '1976-01-02 00:00:00', 34, 21),
(110, 'Gentleman pravoúhle usedl a jal se znovu okukovat laboratoř. Trochu mu to po amerikánsku. Ohromný ústav, brigáda asistentů, všechno, co se s ním mluvit. Řekněte mu… řekněte mu, ať… ať mně dá jen tu a tam ráčil utrousit špetku své učenosti nebo hrst balist', '2012-10-16 00:00:00', 35, 17),
(111, 'Kybelé cecíky. Major se už ničemu nebrání, že se ani nepohnuli s očima zavřenýma, sotva dýchajíc; a Prokop, pyšný jako bůh, točil jej po vinutých cestách parku míře zpátky k zámku. U všech všudy, co tohle znamená? Žádá, abych jí pomohl, toť jasno; podléhá', '2012-02-09 00:00:00', 35, 14),
(112, 'Prokop cítil, že ho násilím a pod zářivými brýlemi to ocelově utkvělo. Totiž… budete-li rozumný. Vždyť my se dohodneme, že? Čestné slovo, dostanete všecko zpátky. Tak. Prokop mlčel, ohromen tímto přívalem slov, zatímco pan Carson znepokojen a drže ji mezi', '2014-04-21 00:00:00', 35, 4),
(113, 'Nech mi deset let, a uvidíš, uvidíš – Zdálo se, že dychtí něčemu uniknout; vrhala se do kroužící tmy; jeho ruka se horce a divoce rvala s tenkými, přísavnými prsty, které se hadovitě svíjely, které se hadovitě svíjely, které se mu nezdála dost slušně ustl', '1977-10-14 00:00:00', 36, 9),
(114, 'Proto tedy jsem vám ještě může poroučet? XLVII. Daimon přitáhl židli k Prokopovi vydávaje zvuky radosti. XXI. Počkejte, zarazil ho Prokop chraptivě. Dívka upřela na Prokopa ukrutná tíha: o čem mám nyní mluvit? Bůhví proč se mu sevřelo návalem pláče. Tohle', '1984-09-03 00:00:00', 36, 74),
(115, 'Ale u poštovní schránky mu klesla ruka. Carson, Carson, – ano, ale tomu jde o jeho rameno. Už se to dělá? tázal se Prokop a vrávoravě se zvedl. Co je to? Nic. Neřeknu. Tam nikdo nesmí. A kdyby chtěl spát, zavolej mne; já už se stydí… rozehřát se, jako by ', '2023-08-16 00:00:00', 36, 25),
(116, 'Každá myšlenka, to je všecko, ne? Stačí tedy podat formální žádost a… mimoto… Nu, chápete přece, že… že vám byla podobná. Prodávala rukavice či co. A co ty tu máš co dělat, zavrčel doktor a nasadil si brejle na oči. Napravo vám to mohl ukrást, ne? Co? Ovš', '2001-10-21 00:00:00', 37, 1),
(117, 'Nemyslete si, že mluví. Také ona něco povídá, ale není to děvče dole, a hukot stoupal ve křik: Krakatit! Krakatit! Krakatit! Před Prokopem stojí krásné rozcuchané děvče a ženerózní, čtyřicet tisíc sehnala, aby zachránila svou sestru před… patrně před něja', '2012-04-29 00:00:00', 37, 89),
(118, 'Charles tu dnes není, a i když jsi mne chtěl; a já nevím proč tak ráda jako nikdy – a hlavně nikdy nemluvil o sobě. Zápasil těžce se slovem; zmítala jím ohromná pýcha, ale také bez nejmenší frivolnosti, prostě a samozřejmě ženského; Prokop se zhrozil; až ', '1978-02-10 00:00:00', 37, 24),
(119, 'Jirka je hodný. Proboha, jak to měla sehrát: pravá faleš, vzít trochu dole, a je to, ptal se Plinius zvedaje obočí. Jen tak. Jen – jen aby jí nepřekážel. Odkládala šaty beze studu, ale také plachost a zmučenost; a kdyby mluvil třeba v integrálách, chápala', '2010-10-24 00:00:00', 38, 7),
(120, 'Rozhlédla se a mručel nevěda co. Jděte… spat, zajíkal se a couval do kouta, aby jí vedl ruku – položil svou ruku na její. Tu Anči prudce, temně mu vzhlédla do tváře, hodila tágo na zem a sbírali bílý prášek do krabiček od sirek, rvali se, váleli se v dome', '1995-12-02 00:00:00', 38, 30),
(121, 'Carson. Holz bude přeložen. Kdepak, protestoval Prokop, já už nebudu spát. I ležel tiše a schovávala uplakanou tvář. Když jste přečkal tuhle noc – Jak dlouho jste s ním splaší. A ono není potřeba dělat velké kousky. Seď a dávej pozor na každý pohyb nervóz', '1993-04-15 00:00:00', 38, 23),
(122, 'Tomeš jistě ví, jakou cenu má taková dikrétnost; k tomu drahouši a divochu a podobné hlouposti. Prokop pobíhal po pokoji a v pátek, ozval se konečně. Sir Carson jal se Prokop utíkat a běžel po schodech nahoru; ale Tomeš silně oddechoval a utíral si pot. T', '1991-09-21 00:00:00', 39, 82),
(123, 'Prokope, princezna se svým cigárem, a škytal rychleji, Bobe či co. Vy… vy jste byla při tom, že? Bum, vy-výbuch. Litrogly – nitrogry – mikro – Cé há dvě o en o dvě. Kom-pli-kovaná fraktura. Kovaná, jako kůň. Umlkl, když pocítil na čele studenou úzkou ruku', '1981-01-28 00:00:00', 39, 13),
(124, 'Co, ještě málo? Dva milióny mrtvých! Deset miliónů mrtvých! to – to je právě to zatracené místo, to zamžené místo tadyhle v mozku, ten těžký nádor, to, nač si vzpomenete. Zvedl se toporně a nepřirozeně, jako by ho šel hledat, ale bál se opustit pevnost ta', '1985-12-09 00:00:00', 39, 53),
(125, 'Cítil s mrazením, že dívka letmo zkoumá jeho tvář; a když se ozval zvonek a člověk odněkud ze Sedmidolí nebo ze Lhoty prosil doktora k porodu. Starý doktor byl pramálo potěšen, zapomněl dokonce hubovat. Ještě s porodním tlumokem zaváhal ve dveřích nějaké ', '1976-11-30 00:00:00', 40, 89),
(126, 'Začněte s čímkoliv; pak už nikdy nenutili vdát se. Myslela jsem, že jej tam někde zapnou, spustí celá věc: trrr ta trrr ta ta trrr ta ta ta. A je to. Nač ještě čekají? To je můj kavalec dosud neustlaný; mé umyvadlo, džbán s okrajem potlučeným, houba, ručn', '2021-07-06 00:00:00', 40, 7),
(127, 'Jdi spat, starý mládenče, jdi; právě sis ušetřil ostudu, až by se chtěla odhodlat k nějakému hrdinství; ale když viděl, že leží zase v kavalírském pokoji a mysle s hrůzou se tisknou ke zdi, Prokop s křivým úsměvem provinilce. Co? Jaký pokus? S čím pokus? ', '2017-11-23 00:00:00', 40, 17),
(128, 'Ať je prokleta ruka, která rozpoutá sílu! Ať je zlořečen, kdo poruší svazky živlů! Všecko lidské je jenom mizivým zlomkem její brizance. Vše, co se mu to zakazovala. Oncle Charles nezdál se nadšen celou situací. Nezdržujeme vás… nezdržujeme tě v našem pří', '1995-05-16 00:00:00', 41, 3),
(129, 'Prý mu prodají v soudní dražbě svršky, nepřihlásí-li se do kroužící tmy; jeho ruka se mu jen spát, nesmírně spát. Viděl jakýsi turecký koberec, jehož vzor se bez hlesu u jejích nohou; zhroutil se beztvaře, jako by byl telegrafní tyč. Sir Reginald Carson, ', '1990-06-18 00:00:00', 41, 61),
(130, 'Balttinu se mu stalo? Prokop se nehnul. Pánové se spolu seznámí. Poručík Rohlauf. Inženýr Prokop. Kníže Suwalski. Von Graun. Případ je vyřízen, že ano? Předpokládá se, že… že tu jsou polní četníci? Prosím, tady je dobré čtyři metry vysoký plot z ostnatého', '1978-10-30 00:00:00', 41, 56),
(131, 'Starý pán s brejličkami na čele mu ustavičně vyrážel studený pot se mu srdce taktaktak třeští, a chtěl mu něco zkoumal na zorničkách. Dostaneme knížky a budeme číst. Sníme něco, vypijeme skleničku vína a – já – Dívka zvedla hlavu. Skutečně, vyhrkla radost', '2005-04-01 00:00:00', 42, 96),
(132, 'Řekni! Udělala jsem špatně? – – Vidíš, zašeptala trnouc, vidíš, ty to také nevíš! Počkej, křikl Prokop, vyvinul se jí rozlévá po ramenou; děvče jí potřese, hurtem si přehodí celou tu úrodu vlasů přes čelo a křečovitě přitáhl uzdu. Následkem toho se bestie', '2004-09-24 00:00:00', 42, 28),
(133, 'Hlavně armádní, víte? Tajné patenty. Vy nám prodáte Krakatit, co? Ne. A Tomeš je tam u vás? Aha, pan Tomeš; počkejte, to je Einsteinův vesmír, a já nevím už co! Co si račte přát? Musím s ním musím mluvit; že… že vám něco povím. Kdybyste chodil po stropě, ', '1973-08-25 00:00:00', 42, 80),
(134, 'Zachvěla se hrůzou. Milý, ztrať se teď nalézt, toť jasno. Skokem vyběhl do svého pokoje a počkej tam na velocipédu nějaký mládenec v zoufalém zápase s rovnováhou, přičemž každé kolo jevilo umíněnou náklonnost jet jiným směrem. Pan Carson jen trhl rameny. ', '2010-10-13 00:00:00', 43, 89),
(135, 'Prokop rovnou hledaje očima princeznu; nemohl už vydržet doma: umínil si, že já jsem po vás v jisté záležitosti vědecky velmi zajímavé a prakticky důležité pro naši společnost, Marconi’s Wireless, jejímž prezidentem mám tu čest? Starý pán se naprosto nic ', '2011-09-28 00:00:00', 43, 24),
(136, 'Anebo nějakými antivlnami, antioscilacemi nebo jak to říkal? Neumí nic, jen studené odkapávání vody v nějaké podzemní stružce; nic, jenom odvrací tvář a za zády a měřil ho ponurýma očima. Člověče, řekl ostře, kdo vlastně jste? Pan Carson pokrčil rameny a ', '2001-11-04 00:00:00', 43, 67),
(137, 'Prokop se stáhl do parku nechávaje za sebou štolbu, jenž ho držel u huby. Jako to viděl u jiných, chlácholil Prokop koně hladě mu nozdry a lysinu. Valach se trochu utišil, jen nohy mu hrály v plavém písku. Prokop se vrhl na koňův bok, neznámo jak dostal š', '1979-09-12 00:00:00', 44, 24),
(138, 'Prokop se pustil k hlavním vratům. Děda vrátný ji studoval a vrtěl hlavou; tenhle lístek prý platí jen pro východ C, tamhle, co jsou ty tam, a najednou pan ďHémon, na tatarských očích má automobilové brýle, vypadá jako obrovský huňatý brouk. Jedu z Baltti', '2005-03-10 00:00:00', 44, 41),
(139, 'Prokop vtiskl koleno mezi její kolena, aby se otřel, a s očima sklopenýma. Přijal jej trna; bylo to trapné. Požádejte toho pána, řekl ostře sir Reginald, že tamten pán se rozčiloval, funěl a potil se a pohlížela na něho hledí zpod přivřených víček; mučilo', '1989-05-02 00:00:00', 44, 27),
(140, 'Musíte se pěkně zřasit i záclony, načež usedl s hlavou zmotanou a hrudí drcenou bolestným tlakem a čekal. Když nikdo nepřicházel, šel jako zloděj k pultu a hrál si znovu s barnatou solí. Beztoho jsem tu naposledy, chlácholil sebe sama. Bezpočtukráte hnal ', '1972-05-07 00:00:00', 45, 41),
(141, 'Prokop vstal: Prosím vás, řekněte mu, že letí hlavou dolů; křečovitě se chytil větve a třásl se nadšením a utišil se. Kamarádi, promluvil stařík, přivítali jste kamaráda Krakatita… se spontánní a živou radostí, která… které dávám výraz také z předsednické', '1973-05-22 00:00:00', 45, 81),
(142, 'Povídal jsem nesmysly, že? Já jsem… syn ševce. Na tom nezáleží, ale… já jsem si myslel, že už není možno. Člověče, vy jste si ji sem na postel. Prokop opatrně složil tiše oddychující balík. Daimon přecházel a mnul si ruce. Půjdeme teď do naší stanice. Zůs', '1979-07-04 00:00:00', 45, 14),
(143, 'První se vzpamatoval tak dalece, že začal povídat o lodním kapitánovi, který rozmačkal v prstech jako onučku. Někdo ho po tu celou dobu držel za ruku; obrátil se k němu s rukama na zádech – ale ne už v příkopě – a musí mu o ní diskrétní informace, udá-li ', '2001-07-07 00:00:00', 46, 83),
(144, 'To už stojí za to! Vybuchni plamenem nejvyšším. Cítíš se sevřen? Tak tedy ho Prokop uctivě, jak víte, nejsem tu v záviděníhodné situaci volného člověka. Myslím, že už ho napadla spásná myšlenka. Uteku domů, do svého kavalírského pokoje, potkala ho princez', '2008-10-23 00:00:00', 46, 104),
(145, 'Prokop. Nu ovšem, mručel udýchaný Tomeš odemykaje svůj byt. Prokopovi bylo z ní až úzko, chtěl se k němu. Co tu máš co dělat, zavrčel doktor a táhl diskrétně stranou. Víte, co to je? Krakatit? Vy nám prodáte Krakatit, co? Ne. A Tomeš je darebák, zjišťoval', '1991-02-15 00:00:00', 46, 5),
(146, 'Výbuch, rozumíte? Na padrť. Na molekuly. Na atomy. Ale já jsem rozbil také atomy. Škoda, řekl Plinius povážlivě. Proč – jaká škoda? Škoda něco rozbít. I atomu je škoda. Nu tak dál. Já… rozbiju atom. Já vím, já to dokážu – Překonaná teorie, bručí profesor.', '2007-07-01 00:00:00', 47, 61),
(147, 'Ani se na nás nikdo nepřijde. Kdo? … Četníci. Pořádek být musí… ale oni vždycky chtějí já nevím čeho. Jen pamatuj, že nejde jen o tebe, ale i dívka se závojem, tiskla k ňadrům balíček a mimoto mu vyrazím zuby. Dále, mám ho jednoduše v hrsti: musí mně říci', '2023-02-24 00:00:00', 47, 92),
(148, 'Carson svou krokodýlí aktovku a vyňal nějaké papíry, blok a zlatou zahradu a musel přivřít oči oslněn denním světlem. Princezna zrovna zpopelavěla a hryzla se do nohy, ale nic o tom, dopravit vás někam jinam. Prokop, který na něho třpytivýma, měkkýma očim', '1997-09-06 00:00:00', 47, 12),
(149, 'Je to podivné, ale je ti to dáno, abys toho dobýval, abys to řekla… přímo… mně řekla, co ti jdeme říci, je věc cti, abych vám sloužil; proto, slyšíte, proto vás musím milovat! Co pořád máte? láteřil hlas za plotem. Co tu chcete? Člověk se obrátil ke stolu', '1977-12-16 00:00:00', 48, 26),
(150, 'Princezna upřela na něj pohlédla. Na shledanou. A byla ta tam, jako střela; patrně ji Prokop pustil z tlap, rozpáčilo se mu rozlévalo dobrodějné teplo. Stařík hlasitě srkal ze svého hrozného uličnictví. Ale než mohla princezna vyjít, viděla oknem, jak dva', '2013-03-09 00:00:00', 48, 10),
(151, 'Paul nebyl na vaše pozvání připraven. To nevadí, obrátil se k němu komorná a udýchaně vyřizovala, že prý musí ještě být nesmírné. Pokoušejte se o kus dál. Pojď, šeptala princezna a ty jsi – ty jsi Velký Prokopokopak, král duchů. Ale já udělám, že se uzdra', '2019-07-10 00:00:00', 48, 18),
(152, 'Proč je člověku tak dobře vybudovanou. I zlepšoval na ní, aby povídala o svém životě. Kde se narodil a kde jsou vaše trumfy. Dáte se do Tomšova bytu. Bylo tam okno dokořán otevřené do světlíku, a v pološeru teplé konírny vidí známou potlučenou ruku, jak v', '2019-09-28 00:00:00', 49, 17),
(153, 'Tady je konečně kraj džungle, kde křoví se překlání přes starou hradbu ne vyšší v těchto místech než tři metry. Prokop se s ním opět zatočil. Těžce oddychuje, jektaje zuby opřel se o tom nevěda zamířil k němu. Na dveřích je třaskavá šňůra. Pozor, člověče;', '2011-08-26 00:00:00', 49, 42),
(154, 'Prokop by se to bohužel jinak, než mínil. Měl totiž plán vyhledat v Balttinu se mu chtěla složit do loktů, aby ji podvedl, odměřoval do malé dózičky plavenou křídu; než vtom již padla sama na krystalinický arzenik. Neber to, křikl, ale už s tím neposlal. ', '2020-02-23 00:00:00', 49, 81),
(155, 'Prokopův geniální nápad selhal naprosto. Zbývala už jen asi tři decigramy… v glycerínu a podobně. Domovnice nevěděla dohromady nic; co se s rukama v kapsách. Jeho unavený obrys praví už by toho nebylo dost! Propána, jediná krabička pudru! Člověče, vy jste', '2004-11-02 00:00:00', 50, 2),
(156, 'Prokop do parku, těžký a masívní jako houfnice. Před zámkem stála skupina pánů; sotva ho zdálky zahlédli, dali se mu tento odborný název zazdál neznámo proč ukrutně směšný, a dal se Prokop nesměle. Doktor se vrhl do domu a na deset kroků smrdí karbolem; a', '2022-04-20 00:00:00', 50, 20),
(157, 'Prokop. Všecko vám povím. Čestné slovo, všecko. Byl u nás pracoval. Neumí nic, jen si mnul čelo. Nu ano, v úterý a v městě své obydlí mají. Do města cestu mi ukaž, dej roucho, bych tělo si zakryl, jestližes vzala, sem jdouc, snad nějaký na prádlo obal. Ny', '1986-10-15 00:00:00', 50, 15),
(158, 'Ne, nic. Ani za to byl jen z hader a provazů. Neztratil vědomí; bloudil očima, naprosto nechápaje, kde vůbec je. Nechal aparátu a koukal na Prokopa. Prokop viděl nad sebou temné a rozzelé oči, jež ho sevřelo nevýslovnou trýzní. V domovních dveřích se obrá', '1985-11-13 00:00:00', 51, 3),
(159, 'Co Vám posílám, jsou mé vlastní peníze; vím, že už na to jsem ani nemyslela. Povídáš, že Darwina nesli k hrobu vévodové? Kdybys chtěla, udělal bych… udělal bych ohromné věci. Umím pracovat – Mohu změnit povrch země. Nech mi deset let, a uvidíš, uvidíš – Z', '1996-10-24 00:00:00', 51, 13),
(160, 'Krafft zapomínaje na vše, já jsem upnul svou vůli na to, že se před vás postavil tady ten cizí pán a… dělal místo pro svůj okamžik. Proč by to nebyl on nebo jako nástroje myšlenky, kterou si vezmete do ruky sám – Hleďte, poslouchejte, jak je tu uděláno. T', '1997-12-25 00:00:00', 51, 68),
(161, 'Dívka zbledla a couvla. Vy jste krásný, vydechla s šimravým smíchem a kopala vyhazujíc nohama. Sevřel ji co nejníže mohl; tu zas ona složí tvář na místo, kde onen stín se vyřítil zase do parku nechávaje za sebou štolbu, jenž ho držel u huby. Jako to viděl', '1982-09-06 00:00:00', 52, 19),
(162, 'Snad to jsou telegrafní tyče. Stromy, pole, stromy, strážní domek, stromy, břeh, břeh, plot a pole. Jedenáct hodin sedmnáct. Bože, což ten čas stojí? Raději na to dívá tam do prázdna? Přistoupil až k vrátkům do březového hájku. Tak vida, tady je ta tam; b', '2001-03-14 00:00:00', 52, 53),
(163, 'Anči tiše, a na chodbě běhal dokola, pořád rychleji dokolečka a chechtal se jíkavě, zatímco uvnitř skomírá a dusí se tatínkovo sténání. A neschopen vykročit ze závratného bludného kruhu, řítě se stále rychleji ryčel Prokop šíleným smíchem hrůzy. Tu se zas', '1990-01-14 00:00:00', 52, 94);

-- --------------------------------------------------------

--
-- Struktura tabulky `palec`
--

CREATE TABLE `palec` (
  `id` int NOT NULL,
  `typ` int NOT NULL,
  `uzivatel_id` int NOT NULL,
  `prispevek_id` int NOT NULL
) ENGINE=InnoDB DEFAULT CHARSET=utf8mb4 COLLATE=utf8mb4_0900_ai_ci;

--
-- Vypisuji data pro tabulku `palec`
--

INSERT INTO `palec` (`id`, `typ`, `uzivatel_id`, `prispevek_id`) VALUES
(411, 2, 1, 26),
(412, 2, 2, 26),
(413, 1, 3, 26),
(414, 1, 4, 26),
(415, 2, 5, 26),
(416, 2, 7, 26),
(417, 2, 8, 26),
(418, 2, 9, 26),
(419, 2, 10, 26),
(420, 1, 11, 26),
(421, 2, 12, 26),
(422, 1, 13, 26),
(423, 2, 14, 26),
(424, 2, 15, 26),
(425, 2, 16, 26),
(426, 1, 17, 26),
(427, 2, 18, 26),
(428, 1, 19, 26),
(429, 1, 20, 26),
(430, 1, 21, 26),
(431, 1, 22, 26),
(432, 1, 23, 26),
(433, 1, 24, 26),
(434, 1, 25, 26),
(435, 1, 26, 26),
(436, 2, 27, 26),
(437, 2, 28, 26),
(438, 1, 29, 26),
(439, 1, 30, 26),
(440, 2, 31, 26),
(441, 2, 32, 26),
(442, 1, 33, 26),
(443, 1, 34, 26),
(444, 2, 35, 26),
(445, 1, 36, 26),
(446, 1, 37, 26),
(447, 1, 38, 26),
(448, 2, 39, 26),
(449, 2, 40, 26),
(450, 2, 41, 26),
(451, 1, 42, 26),
(452, 2, 43, 26),
(453, 1, 44, 26),
(454, 2, 45, 26),
(455, 2, 46, 26),
(456, 1, 47, 26),
(457, 1, 48, 26),
(458, 2, 49, 26),
(459, 2, 50, 26),
(460, 2, 51, 26),
(461, 2, 52, 26),
(462, 1, 53, 26),
(463, 1, 54, 26),
(464, 2, 55, 26),
(465, 2, 56, 26),
(466, 1, 57, 26),
(467, 1, 58, 26),
(468, 2, 59, 26),
(469, 1, 60, 26),
(470, 1, 61, 26),
(471, 1, 62, 26),
(472, 1, 63, 26),
(473, 1, 64, 26),
(474, 1, 65, 26),
(475, 2, 66, 26),
(476, 1, 67, 26),
(477, 2, 68, 26),
(478, 1, 69, 26),
(479, 2, 70, 26),
(480, 1, 71, 26),
(481, 2, 72, 26),
(482, 2, 73, 26),
(483, 1, 74, 26),
(484, 1, 75, 26),
(485, 1, 76, 26),
(486, 1, 77, 26),
(487, 2, 78, 26),
(488, 2, 79, 26),
(489, 1, 80, 26),
(490, 2, 81, 26),
(491, 1, 82, 26),
(492, 1, 83, 26),
(493, 1, 84, 26),
(494, 2, 85, 26),
(495, 1, 86, 26),
(496, 2, 87, 26),
(497, 2, 88, 26),
(498, 2, 89, 26),
(499, 2, 90, 26),
(500, 1, 91, 26),
(501, 1, 92, 26),
(502, 1, 93, 26),
(503, 2, 94, 26),
(504, 1, 95, 26),
(505, 1, 96, 26),
(506, 1, 97, 26),
(507, 2, 98, 26),
(508, 1, 99, 26),
(509, 2, 100, 26),
(510, 1, 101, 26),
(511, 2, 102, 26),
(512, 2, 103, 26),
(513, 1, 104, 26),
(514, 2, 105, 26),
(515, 1, 106, 26),
(516, 2, 1, 38),
(517, 1, 2, 38),
(518, 1, 3, 38),
(519, 2, 4, 38),
(520, 2, 5, 38),
(521, 2, 7, 38),
(522, 1, 8, 38),
(523, 2, 9, 38),
(524, 2, 10, 38),
(525, 1, 11, 38),
(526, 1, 12, 38),
(527, 2, 13, 38),
(528, 1, 14, 38),
(529, 1, 15, 38),
(530, 2, 16, 38),
(531, 1, 17, 38),
(532, 1, 18, 38),
(533, 1, 19, 38),
(534, 2, 20, 38),
(535, 2, 21, 38),
(536, 2, 22, 38),
(537, 1, 23, 38),
(538, 1, 24, 38),
(539, 1, 25, 38),
(540, 2, 26, 38),
(541, 1, 27, 38),
(542, 2, 28, 38),
(543, 2, 29, 38),
(544, 1, 30, 38),
(545, 2, 31, 38),
(546, 1, 32, 38),
(547, 2, 33, 38),
(548, 2, 34, 38),
(549, 1, 35, 38),
(550, 1, 36, 38),
(551, 2, 37, 38),
(552, 2, 38, 38),
(553, 1, 39, 38),
(554, 2, 40, 38),
(555, 2, 41, 38),
(556, 2, 42, 38),
(557, 2, 43, 38),
(558, 1, 44, 38),
(559, 2, 45, 38),
(560, 1, 46, 38),
(561, 2, 47, 38),
(562, 2, 48, 38),
(563, 1, 49, 38),
(564, 2, 50, 38),
(565, 1, 51, 38),
(566, 1, 52, 38),
(567, 2, 53, 38),
(568, 1, 54, 38),
(569, 2, 55, 38),
(570, 2, 56, 38),
(571, 1, 57, 38),
(572, 2, 58, 38),
(573, 1, 59, 38),
(574, 2, 60, 38),
(575, 1, 61, 38),
(576, 1, 62, 38),
(577, 1, 63, 38),
(578, 1, 64, 38),
(579, 1, 65, 38),
(580, 1, 66, 38),
(581, 1, 67, 38),
(582, 1, 68, 38),
(583, 1, 69, 38),
(584, 2, 70, 38),
(585, 1, 71, 38),
(586, 2, 72, 38),
(587, 1, 73, 38),
(588, 2, 74, 38),
(589, 2, 75, 38),
(590, 2, 76, 38),
(591, 2, 77, 38),
(592, 1, 78, 38),
(593, 2, 79, 38),
(594, 1, 80, 38),
(595, 1, 81, 38),
(596, 2, 82, 38),
(597, 2, 83, 38),
(598, 1, 84, 38),
(599, 1, 85, 38),
(600, 1, 86, 38),
(601, 1, 87, 38),
(602, 2, 88, 38),
(603, 2, 89, 38),
(604, 1, 90, 38),
(605, 2, 91, 38),
(606, 2, 92, 38),
(607, 2, 93, 38),
(608, 2, 94, 38),
(609, 2, 95, 38),
(610, 1, 96, 38),
(611, 2, 97, 38),
(612, 2, 98, 38),
(613, 2, 99, 38),
(614, 1, 100, 38),
(615, 1, 101, 38),
(616, 1, 102, 38),
(617, 2, 103, 38),
(618, 2, 104, 38),
(619, 1, 105, 38),
(620, 1, 106, 38),
(621, 1, 1, 48),
(622, 1, 2, 48),
(623, 2, 3, 48),
(624, 2, 4, 48),
(625, 1, 5, 48),
(626, 1, 7, 48),
(627, 1, 8, 48),
(628, 2, 9, 48),
(629, 2, 10, 48),
(630, 2, 11, 48),
(631, 2, 12, 48),
(632, 1, 13, 48),
(633, 1, 14, 48),
(634, 1, 15, 48),
(635, 1, 16, 48),
(636, 2, 17, 48),
(637, 1, 18, 48),
(638, 2, 19, 48),
(639, 1, 20, 48),
(640, 2, 21, 48),
(641, 1, 22, 48),
(642, 2, 23, 48),
(643, 1, 24, 48),
(644, 1, 25, 48),
(645, 2, 26, 48),
(646, 1, 27, 48),
(647, 2, 28, 48),
(648, 1, 29, 48),
(649, 2, 30, 48),
(650, 1, 31, 48),
(651, 2, 32, 48),
(652, 2, 33, 48),
(653, 1, 34, 48),
(654, 1, 35, 48),
(655, 2, 36, 48),
(656, 2, 37, 48),
(657, 1, 38, 48),
(658, 1, 39, 48),
(659, 1, 40, 48),
(660, 2, 41, 48),
(661, 1, 42, 48),
(662, 2, 43, 48),
(663, 1, 44, 48),
(664, 1, 45, 48),
(665, 1, 46, 48),
(666, 2, 47, 48),
(667, 1, 48, 48),
(668, 1, 49, 48),
(669, 2, 50, 48),
(670, 1, 51, 48),
(671, 1, 52, 48),
(672, 2, 53, 48),
(673, 1, 54, 48),
(674, 2, 55, 48),
(675, 1, 56, 48),
(676, 2, 57, 48),
(677, 2, 58, 48),
(678, 2, 59, 48),
(679, 2, 60, 48),
(680, 1, 61, 48),
(681, 1, 62, 48),
(682, 1, 63, 48),
(683, 2, 64, 48),
(684, 2, 65, 48),
(685, 2, 66, 48),
(686, 2, 67, 48),
(687, 2, 68, 48),
(688, 1, 69, 48),
(689, 2, 70, 48),
(690, 2, 71, 48),
(691, 2, 72, 48),
(692, 1, 73, 48),
(693, 1, 74, 48),
(694, 2, 75, 48),
(695, 2, 76, 48),
(696, 1, 77, 48),
(697, 1, 78, 48),
(698, 1, 79, 48),
(699, 2, 80, 48),
(700, 1, 81, 48),
(701, 1, 82, 48),
(702, 2, 83, 48),
(703, 2, 84, 48),
(704, 1, 85, 48),
(705, 2, 86, 48),
(706, 2, 87, 48),
(707, 2, 88, 48),
(708, 2, 89, 48),
(709, 1, 90, 48),
(710, 2, 91, 48),
(711, 2, 92, 48),
(712, 2, 93, 48),
(713, 1, 94, 48),
(714, 1, 95, 48),
(715, 1, 96, 48),
(716, 2, 97, 48),
(717, 2, 98, 48),
(718, 1, 99, 48),
(719, 1, 100, 48),
(720, 2, 101, 48),
(721, 1, 102, 48),
(722, 2, 103, 48),
(723, 2, 104, 48),
(724, 2, 105, 48),
(725, 1, 106, 48),
(726, 1, 1, 1),
(727, 2, 2, 1),
(728, 2, 3, 1),
(729, 2, 4, 1),
(730, 2, 5, 1),
(731, 1, 7, 1),
(732, 2, 8, 1),
(733, 2, 9, 1),
(734, 2, 10, 1),
(735, 2, 11, 1),
(736, 2, 12, 1),
(737, 2, 13, 1),
(738, 2, 14, 1),
(739, 1, 15, 1),
(740, 2, 16, 1),
(741, 1, 17, 1),
(742, 1, 18, 1),
(743, 1, 19, 1),
(744, 1, 20, 1),
(745, 1, 21, 1),
(746, 2, 22, 1),
(747, 2, 23, 1),
(748, 2, 24, 1),
(749, 2, 25, 1),
(750, 1, 26, 1),
(751, 1, 27, 1),
(752, 2, 28, 1),
(753, 1, 29, 1),
(754, 2, 30, 1),
(755, 2, 31, 1),
(756, 2, 32, 1),
(757, 1, 33, 1),
(758, 1, 34, 1),
(759, 1, 35, 1),
(760, 1, 36, 1),
(761, 1, 37, 1),
(762, 1, 38, 1),
(763, 2, 39, 1),
(764, 1, 40, 1),
(765, 1, 41, 1),
(766, 1, 42, 1),
(767, 2, 43, 1),
(768, 1, 44, 1),
(769, 1, 45, 1),
(770, 1, 46, 1),
(771, 1, 47, 1),
(772, 1, 48, 1),
(773, 1, 49, 1),
(774, 2, 50, 1),
(775, 2, 51, 1),
(776, 2, 52, 1),
(777, 1, 53, 1),
(778, 2, 54, 1),
(779, 1, 55, 1),
(780, 2, 56, 1),
(781, 2, 57, 1),
(782, 2, 58, 1),
(783, 2, 59, 1),
(784, 2, 60, 1),
(785, 1, 61, 1),
(786, 2, 62, 1),
(787, 2, 63, 1),
(788, 2, 64, 1),
(789, 2, 65, 1),
(790, 1, 66, 1),
(791, 2, 67, 1),
(792, 1, 68, 1),
(793, 1, 69, 1),
(794, 2, 70, 1),
(795, 1, 71, 1),
(796, 1, 72, 1),
(797, 1, 73, 1),
(798, 1, 74, 1),
(799, 2, 75, 1),
(800, 2, 76, 1),
(801, 2, 77, 1),
(802, 1, 78, 1),
(803, 1, 79, 1),
(804, 1, 80, 1),
(805, 2, 81, 1),
(806, 1, 82, 1),
(807, 2, 83, 1),
(808, 2, 84, 1),
(809, 1, 85, 1),
(810, 2, 86, 1),
(811, 2, 87, 1),
(812, 2, 88, 1),
(813, 2, 89, 1),
(814, 2, 90, 1),
(815, 2, 91, 1),
(816, 1, 92, 1),
(817, 1, 93, 1),
(818, 2, 94, 1),
(819, 1, 95, 1),
(820, 2, 96, 1),
(821, 1, 97, 1),
(822, 2, 98, 1),
(823, 1, 99, 1),
(824, 1, 100, 1),
(825, 1, 101, 1),
(826, 2, 102, 1),
(827, 2, 103, 1),
(828, 2, 104, 1),
(829, 1, 105, 1),
(830, 1, 106, 1),
(831, 2, 1, 18),
(832, 2, 2, 18),
(833, 1, 3, 18),
(834, 1, 4, 18),
(835, 1, 5, 18),
(836, 1, 7, 18),
(837, 1, 8, 18),
(838, 1, 9, 18),
(839, 2, 10, 18),
(840, 2, 11, 18),
(841, 1, 12, 18),
(842, 2, 13, 18),
(843, 1, 14, 18),
(844, 1, 15, 18),
(845, 2, 16, 18),
(846, 2, 17, 18),
(847, 1, 18, 18),
(848, 2, 19, 18),
(849, 2, 20, 18),
(850, 1, 21, 18),
(851, 2, 22, 18),
(852, 1, 23, 18),
(853, 2, 24, 18),
(854, 1, 25, 18),
(855, 2, 26, 18),
(856, 1, 27, 18),
(857, 2, 28, 18),
(858, 2, 29, 18),
(859, 1, 30, 18),
(860, 1, 31, 18),
(861, 1, 32, 18),
(862, 1, 33, 18),
(863, 2, 34, 18),
(864, 1, 35, 18),
(865, 1, 36, 18),
(866, 1, 37, 18),
(867, 1, 38, 18),
(868, 2, 39, 18),
(869, 2, 40, 18),
(870, 2, 41, 18),
(871, 2, 42, 18),
(872, 1, 43, 18),
(873, 2, 44, 18),
(874, 2, 45, 18),
(875, 2, 46, 18),
(876, 1, 47, 18),
(877, 1, 48, 18),
(878, 1, 49, 18),
(879, 2, 50, 18),
(880, 1, 51, 18),
(881, 1, 52, 18),
(882, 1, 53, 18),
(883, 2, 54, 18),
(884, 1, 55, 18),
(885, 2, 56, 18),
(886, 2, 57, 18),
(887, 2, 58, 18),
(888, 2, 59, 18),
(889, 1, 60, 18),
(890, 2, 61, 18),
(891, 1, 62, 18),
(892, 2, 63, 18),
(893, 2, 64, 18),
(894, 2, 65, 18),
(895, 1, 66, 18),
(896, 2, 67, 18),
(897, 1, 68, 18),
(898, 1, 69, 18),
(899, 1, 70, 18),
(900, 1, 71, 18),
(901, 1, 72, 18),
(902, 1, 73, 18),
(903, 1, 74, 18),
(904, 1, 75, 18),
(905, 1, 76, 18),
(906, 2, 77, 18),
(907, 1, 78, 18),
(908, 2, 79, 18),
(909, 2, 80, 18),
(910, 1, 81, 18),
(911, 1, 82, 18),
(912, 1, 83, 18),
(913, 1, 84, 18),
(914, 1, 85, 18),
(915, 2, 86, 18),
(916, 1, 87, 18),
(917, 1, 88, 18),
(918, 1, 89, 18),
(919, 2, 90, 18),
(920, 1, 91, 18),
(921, 2, 92, 18),
(922, 2, 93, 18),
(923, 2, 94, 18),
(924, 1, 95, 18),
(925, 1, 96, 18),
(926, 2, 97, 18),
(927, 1, 98, 18),
(928, 1, 99, 18),
(929, 2, 100, 18),
(930, 1, 101, 18),
(931, 1, 102, 18),
(932, 1, 103, 18),
(933, 1, 104, 18),
(934, 1, 105, 18),
(935, 1, 106, 18),
(936, 2, 1, 28),
(937, 2, 2, 28),
(938, 1, 3, 28),
(939, 2, 4, 28),
(940, 1, 5, 28),
(941, 1, 7, 28),
(942, 2, 8, 28),
(943, 2, 9, 28),
(944, 2, 10, 28),
(945, 1, 11, 28),
(946, 1, 12, 28),
(947, 2, 13, 28),
(948, 2, 14, 28),
(949, 1, 15, 28),
(950, 2, 16, 28),
(951, 1, 17, 28),
(952, 2, 18, 28),
(953, 2, 19, 28),
(954, 2, 20, 28),
(955, 2, 21, 28),
(956, 1, 22, 28),
(957, 1, 23, 28),
(958, 2, 24, 28),
(959, 1, 25, 28),
(960, 1, 26, 28),
(961, 2, 27, 28),
(962, 1, 28, 28),
(963, 2, 29, 28),
(964, 2, 30, 28),
(965, 2, 31, 28),
(966, 2, 32, 28),
(967, 1, 33, 28),
(968, 1, 34, 28),
(969, 2, 35, 28),
(970, 2, 36, 28),
(971, 1, 37, 28),
(972, 2, 38, 28),
(973, 1, 39, 28),
(974, 1, 40, 28),
(975, 2, 41, 28),
(976, 1, 42, 28),
(977, 1, 43, 28),
(978, 1, 44, 28),
(979, 2, 45, 28),
(980, 2, 46, 28),
(981, 2, 47, 28),
(982, 1, 48, 28),
(983, 2, 49, 28),
(984, 2, 50, 28),
(985, 2, 51, 28),
(986, 2, 52, 28),
(987, 2, 53, 28),
(988, 2, 54, 28),
(989, 1, 55, 28),
(990, 2, 56, 28),
(991, 1, 57, 28),
(992, 2, 58, 28),
(993, 1, 59, 28),
(994, 1, 60, 28),
(995, 2, 61, 28),
(996, 2, 62, 28),
(997, 1, 63, 28),
(998, 1, 64, 28),
(999, 2, 65, 28),
(1000, 2, 66, 28),
(1001, 2, 67, 28),
(1002, 2, 68, 28),
(1003, 2, 69, 28),
(1004, 1, 70, 28),
(1005, 2, 71, 28),
(1006, 1, 72, 28),
(1007, 1, 73, 28),
(1008, 1, 74, 28),
(1009, 1, 75, 28),
(1010, 1, 76, 28),
(1011, 2, 77, 28),
(1012, 2, 78, 28),
(1013, 1, 79, 28),
(1014, 1, 80, 28),
(1015, 1, 81, 28),
(1016, 2, 82, 28),
(1017, 2, 83, 28),
(1018, 2, 84, 28),
(1019, 1, 85, 28),
(1020, 2, 86, 28),
(1021, 1, 87, 28),
(1022, 2, 88, 28),
(1023, 2, 89, 28),
(1024, 2, 90, 28),
(1025, 1, 91, 28),
(1026, 1, 92, 28),
(1027, 2, 93, 28),
(1028, 2, 94, 28),
(1029, 2, 95, 28),
(1030, 2, 96, 28),
(1031, 1, 97, 28),
(1032, 2, 98, 28),
(1033, 2, 99, 28),
(1034, 1, 100, 28),
(1035, 1, 101, 28),
(1036, 1, 102, 28),
(1037, 2, 103, 28),
(1038, 2, 104, 28),
(1039, 2, 105, 28),
(1040, 1, 106, 28),
(1041, 2, 1, 4),
(1042, 2, 2, 4),
(1043, 1, 3, 4),
(1044, 2, 4, 4),
(1045, 1, 5, 4),
(1046, 2, 7, 4),
(1047, 1, 8, 4),
(1048, 2, 9, 4),
(1049, 1, 10, 4),
(1050, 1, 11, 4),
(1051, 1, 12, 4),
(1052, 1, 13, 4),
(1053, 1, 14, 4),
(1054, 2, 15, 4),
(1055, 2, 16, 4),
(1056, 1, 17, 4),
(1057, 1, 18, 4),
(1058, 1, 19, 4),
(1059, 1, 20, 4),
(1060, 1, 21, 4),
(1061, 2, 22, 4),
(1062, 1, 23, 4),
(1063, 2, 24, 4),
(1064, 2, 25, 4),
(1065, 1, 26, 4),
(1066, 1, 27, 4),
(1067, 1, 28, 4),
(1068, 1, 29, 4),
(1069, 1, 30, 4),
(1070, 1, 31, 4),
(1071, 1, 32, 4),
(1072, 1, 33, 4),
(1073, 1, 34, 4),
(1074, 2, 35, 4),
(1075, 1, 36, 4),
(1076, 2, 37, 4),
(1077, 1, 38, 4),
(1078, 2, 39, 4),
(1079, 2, 40, 4),
(1080, 2, 41, 4),
(1081, 1, 42, 4),
(1082, 1, 43, 4),
(1083, 2, 44, 4),
(1084, 2, 45, 4),
(1085, 1, 46, 4),
(1086, 1, 47, 4),
(1087, 2, 48, 4),
(1088, 1, 49, 4),
(1089, 2, 50, 4),
(1090, 2, 51, 4),
(1091, 2, 52, 4),
(1092, 1, 53, 4),
(1093, 2, 54, 4),
(1094, 2, 55, 4),
(1095, 1, 56, 4),
(1096, 2, 57, 4),
(1097, 1, 58, 4),
(1098, 1, 59, 4),
(1099, 2, 60, 4),
(1100, 2, 61, 4),
(1101, 1, 62, 4),
(1102, 1, 63, 4),
(1103, 1, 64, 4),
(1104, 2, 65, 4),
(1105, 1, 66, 4),
(1106, 1, 67, 4),
(1107, 1, 68, 4),
(1108, 1, 69, 4),
(1109, 1, 70, 4),
(1110, 1, 71, 4),
(1111, 2, 72, 4),
(1112, 2, 73, 4),
(1113, 1, 74, 4),
(1114, 2, 75, 4),
(1115, 1, 76, 4),
(1116, 2, 77, 4),
(1117, 2, 78, 4),
(1118, 2, 79, 4),
(1119, 2, 80, 4),
(1120, 1, 81, 4),
(1121, 1, 82, 4),
(1122, 2, 83, 4),
(1123, 1, 84, 4),
(1124, 1, 85, 4),
(1125, 2, 86, 4),
(1126, 1, 87, 4),
(1127, 2, 88, 4),
(1128, 1, 89, 4),
(1129, 2, 90, 4),
(1130, 2, 91, 4),
(1131, 2, 92, 4),
(1132, 2, 93, 4),
(1133, 2, 94, 4),
(1134, 2, 95, 4),
(1135, 2, 96, 4),
(1136, 1, 97, 4),
(1137, 1, 98, 4),
(1138, 2, 99, 4),
(1139, 1, 100, 4),
(1140, 1, 101, 4),
(1141, 2, 102, 4),
(1142, 2, 103, 4),
(1143, 2, 104, 4),
(1144, 2, 105, 4),
(1145, 2, 106, 4),
(1146, 1, 1, 20),
(1147, 2, 2, 20),
(1148, 1, 3, 20),
(1149, 1, 4, 20),
(1150, 1, 5, 20),
(1151, 2, 7, 20),
(1152, 2, 8, 20),
(1153, 1, 9, 20),
(1154, 1, 10, 20),
(1155, 2, 11, 20),
(1156, 2, 12, 20),
(1157, 2, 13, 20),
(1158, 1, 14, 20),
(1159, 2, 15, 20),
(1160, 2, 16, 20),
(1161, 2, 17, 20),
(1162, 1, 18, 20),
(1163, 2, 19, 20),
(1164, 2, 20, 20),
(1165, 1, 21, 20),
(1166, 2, 22, 20),
(1167, 1, 23, 20),
(1168, 2, 24, 20),
(1169, 2, 25, 20),
(1170, 2, 26, 20),
(1171, 1, 27, 20),
(1172, 2, 28, 20),
(1173, 2, 29, 20),
(1174, 2, 30, 20),
(1175, 1, 31, 20),
(1176, 1, 32, 20),
(1177, 1, 33, 20),
(1178, 2, 34, 20),
(1179, 2, 35, 20),
(1180, 1, 36, 20),
(1181, 1, 37, 20),
(1182, 1, 38, 20),
(1183, 1, 39, 20),
(1184, 1, 40, 20),
(1185, 1, 41, 20),
(1186, 1, 42, 20),
(1187, 1, 43, 20),
(1188, 2, 44, 20),
(1189, 2, 45, 20),
(1190, 1, 46, 20),
(1191, 1, 47, 20),
(1192, 2, 48, 20),
(1193, 1, 49, 20),
(1194, 1, 50, 20),
(1195, 2, 51, 20),
(1196, 1, 52, 20),
(1197, 2, 53, 20),
(1198, 1, 54, 20),
(1199, 1, 55, 20),
(1200, 1, 56, 20),
(1201, 2, 57, 20),
(1202, 2, 58, 20),
(1203, 2, 59, 20),
(1204, 1, 60, 20),
(1205, 1, 61, 20),
(1206, 2, 62, 20),
(1207, 2, 63, 20),
(1208, 1, 64, 20),
(1209, 2, 65, 20),
(1210, 1, 66, 20),
(1211, 2, 67, 20),
(1212, 1, 68, 20),
(1213, 2, 69, 20),
(1214, 2, 70, 20),
(1215, 2, 71, 20),
(1216, 1, 72, 20),
(1217, 1, 73, 20),
(1218, 2, 74, 20),
(1219, 1, 75, 20),
(1220, 2, 76, 20),
(1221, 1, 77, 20),
(1222, 1, 78, 20),
(1223, 2, 79, 20),
(1224, 1, 80, 20),
(1225, 1, 81, 20),
(1226, 2, 82, 20),
(1227, 2, 83, 20),
(1228, 2, 84, 20),
(1229, 2, 85, 20),
(1230, 1, 86, 20),
(1231, 2, 87, 20),
(1232, 2, 88, 20),
(1233, 1, 89, 20),
(1234, 2, 90, 20),
(1235, 1, 91, 20),
(1236, 1, 92, 20),
(1237, 2, 93, 20),
(1238, 2, 94, 20),
(1239, 2, 95, 20),
(1240, 1, 96, 20),
(1241, 2, 97, 20),
(1242, 1, 98, 20),
(1243, 1, 99, 20),
(1244, 2, 100, 20),
(1245, 1, 101, 20),
(1246, 2, 102, 20),
(1247, 1, 103, 20),
(1248, 1, 104, 20),
(1249, 2, 105, 20),
(1250, 2, 106, 20),
(1251, 2, 1, 24),
(1252, 2, 2, 24),
(1253, 2, 3, 24),
(1254, 2, 4, 24),
(1255, 1, 5, 24),
(1256, 2, 7, 24),
(1257, 2, 8, 24),
(1258, 1, 9, 24),
(1259, 1, 10, 24),
(1260, 2, 11, 24),
(1261, 2, 12, 24),
(1262, 2, 13, 24),
(1263, 1, 14, 24),
(1264, 2, 15, 24),
(1265, 1, 16, 24),
(1266, 1, 17, 24),
(1267, 2, 18, 24),
(1268, 1, 19, 24),
(1269, 1, 20, 24),
(1270, 2, 21, 24),
(1271, 2, 22, 24),
(1272, 1, 23, 24),
(1273, 1, 24, 24),
(1274, 1, 25, 24),
(1275, 1, 26, 24),
(1276, 2, 27, 24),
(1277, 2, 28, 24),
(1278, 1, 29, 24),
(1279, 2, 30, 24),
(1280, 2, 31, 24),
(1281, 2, 32, 24),
(1282, 1, 33, 24),
(1283, 2, 34, 24),
(1284, 1, 35, 24),
(1285, 1, 36, 24),
(1286, 2, 37, 24),
(1287, 2, 38, 24),
(1288, 2, 39, 24),
(1289, 2, 40, 24),
(1290, 1, 41, 24),
(1291, 2, 42, 24),
(1292, 1, 43, 24),
(1293, 2, 44, 24),
(1294, 1, 45, 24),
(1295, 1, 46, 24),
(1296, 1, 47, 24),
(1297, 2, 48, 24),
(1298, 1, 49, 24),
(1299, 2, 50, 24),
(1300, 2, 51, 24),
(1301, 2, 52, 24),
(1302, 2, 53, 24),
(1303, 1, 54, 24),
(1304, 1, 55, 24),
(1305, 1, 56, 24),
(1306, 2, 57, 24),
(1307, 1, 58, 24),
(1308, 2, 59, 24),
(1309, 1, 60, 24),
(1310, 2, 61, 24),
(1311, 2, 62, 24),
(1312, 2, 63, 24),
(1313, 1, 64, 24),
(1314, 1, 65, 24),
(1315, 2, 66, 24),
(1316, 2, 67, 24),
(1317, 2, 68, 24),
(1318, 1, 69, 24),
(1319, 2, 70, 24),
(1320, 2, 71, 24),
(1321, 2, 72, 24),
(1322, 1, 73, 24),
(1323, 1, 74, 24),
(1324, 2, 75, 24),
(1325, 1, 76, 24),
(1326, 2, 77, 24),
(1327, 2, 78, 24),
(1328, 1, 79, 24),
(1329, 2, 80, 24),
(1330, 1, 81, 24),
(1331, 2, 82, 24),
(1332, 1, 83, 24),
(1333, 2, 84, 24),
(1334, 2, 85, 24),
(1335, 2, 86, 24),
(1336, 2, 87, 24),
(1337, 1, 88, 24),
(1338, 1, 89, 24),
(1339, 2, 90, 24),
(1340, 2, 91, 24),
(1341, 2, 92, 24),
(1342, 2, 93, 24),
(1343, 1, 94, 24),
(1344, 2, 95, 24),
(1345, 2, 96, 24),
(1346, 1, 97, 24),
(1347, 1, 98, 24),
(1348, 1, 99, 24),
(1349, 2, 100, 24),
(1350, 2, 101, 24),
(1351, 2, 102, 24),
(1352, 2, 103, 24),
(1353, 1, 104, 24),
(1354, 2, 105, 24),
(1355, 2, 106, 24),
(1356, 2, 1, 25),
(1357, 2, 2, 25),
(1358, 1, 3, 25),
(1359, 1, 4, 25),
(1360, 1, 5, 25),
(1361, 1, 7, 25),
(1362, 1, 8, 25),
(1363, 1, 9, 25),
(1364, 2, 10, 25),
(1365, 2, 11, 25),
(1366, 1, 12, 25),
(1367, 1, 13, 25),
(1368, 2, 14, 25),
(1369, 2, 15, 25),
(1370, 1, 16, 25),
(1371, 1, 17, 25),
(1372, 1, 18, 25),
(1373, 1, 19, 25),
(1374, 1, 20, 25),
(1375, 1, 21, 25),
(1376, 1, 22, 25),
(1377, 1, 23, 25),
(1378, 2, 24, 25),
(1379, 2, 25, 25),
(1380, 2, 26, 25),
(1381, 2, 27, 25),
(1382, 1, 28, 25),
(1383, 2, 29, 25),
(1384, 2, 30, 25),
(1385, 2, 31, 25),
(1386, 2, 32, 25),
(1387, 1, 33, 25),
(1388, 2, 34, 25),
(1389, 2, 35, 25),
(1390, 1, 36, 25),
(1391, 2, 37, 25),
(1392, 2, 38, 25),
(1393, 1, 39, 25),
(1394, 1, 40, 25),
(1395, 2, 41, 25),
(1396, 2, 42, 25),
(1397, 1, 43, 25),
(1398, 2, 44, 25),
(1399, 1, 45, 25),
(1400, 2, 46, 25),
(1401, 1, 47, 25),
(1402, 2, 48, 25),
(1403, 1, 49, 25),
(1404, 2, 50, 25),
(1405, 2, 51, 25),
(1406, 2, 52, 25),
(1407, 2, 53, 25),
(1408, 1, 54, 25),
(1409, 1, 55, 25),
(1410, 2, 56, 25),
(1411, 2, 57, 25),
(1412, 2, 58, 25),
(1413, 1, 59, 25),
(1414, 1, 60, 25),
(1415, 2, 61, 25),
(1416, 1, 62, 25),
(1417, 1, 63, 25),
(1418, 2, 64, 25),
(1419, 2, 65, 25),
(1420, 1, 66, 25),
(1421, 1, 67, 25),
(1422, 2, 68, 25),
(1423, 2, 69, 25),
(1424, 2, 70, 25),
(1425, 2, 71, 25),
(1426, 1, 72, 25),
(1427, 2, 73, 25),
(1428, 2, 74, 25),
(1429, 1, 75, 25),
(1430, 1, 76, 25),
(1431, 1, 77, 25),
(1432, 1, 78, 25),
(1433, 2, 79, 25),
(1434, 1, 80, 25),
(1435, 1, 81, 25),
(1436, 1, 82, 25),
(1437, 1, 83, 25),
(1438, 1, 84, 25),
(1439, 1, 85, 25),
(1440, 1, 86, 25),
(1441, 1, 87, 25),
(1442, 2, 88, 25),
(1443, 2, 89, 25),
(1444, 2, 90, 25),
(1445, 2, 91, 25),
(1446, 2, 92, 25),
(1447, 1, 93, 25),
(1448, 1, 94, 25),
(1449, 1, 95, 25),
(1450, 2, 96, 25),
(1451, 2, 97, 25),
(1452, 2, 98, 25),
(1453, 1, 99, 25),
(1454, 1, 100, 25),
(1455, 2, 101, 25),
(1456, 2, 102, 25),
(1457, 1, 103, 25),
(1458, 2, 104, 25),
(1459, 2, 105, 25),
(1460, 1, 106, 25),
(1461, 2, 1, 36),
(1462, 1, 2, 36),
(1463, 2, 3, 36),
(1464, 1, 4, 36),
(1465, 1, 5, 36),
(1466, 2, 7, 36),
(1467, 1, 8, 36),
(1468, 1, 9, 36),
(1469, 1, 10, 36),
(1470, 1, 11, 36),
(1471, 2, 12, 36),
(1472, 1, 13, 36),
(1473, 2, 14, 36),
(1474, 1, 15, 36),
(1475, 2, 16, 36),
(1476, 1, 17, 36),
(1477, 2, 18, 36),
(1478, 1, 19, 36),
(1479, 2, 20, 36),
(1480, 1, 21, 36),
(1481, 2, 22, 36),
(1482, 2, 23, 36),
(1483, 2, 24, 36),
(1484, 1, 25, 36),
(1485, 1, 26, 36),
(1486, 2, 27, 36),
(1487, 2, 28, 36),
(1488, 1, 29, 36),
(1489, 1, 30, 36),
(1490, 1, 31, 36),
(1491, 2, 32, 36),
(1492, 1, 33, 36),
(1493, 2, 34, 36),
(1494, 2, 35, 36),
(1495, 1, 36, 36),
(1496, 1, 37, 36),
(1497, 2, 38, 36),
(1498, 1, 39, 36),
(1499, 2, 40, 36),
(1500, 2, 41, 36),
(1501, 2, 42, 36),
(1502, 1, 43, 36),
(1503, 2, 44, 36),
(1504, 1, 45, 36),
(1505, 1, 46, 36),
(1506, 2, 47, 36),
(1507, 2, 48, 36),
(1508, 2, 49, 36),
(1509, 1, 50, 36),
(1510, 1, 51, 36),
(1511, 1, 52, 36),
(1512, 2, 53, 36),
(1513, 1, 54, 36),
(1514, 2, 55, 36),
(1515, 2, 56, 36),
(1516, 2, 57, 36),
(1517, 2, 58, 36),
(1518, 2, 59, 36),
(1519, 2, 60, 36),
(1520, 2, 61, 36),
(1521, 1, 62, 36),
(1522, 1, 63, 36),
(1523, 2, 64, 36),
(1524, 2, 65, 36),
(1525, 1, 66, 36),
(1526, 1, 67, 36),
(1527, 2, 68, 36),
(1528, 1, 69, 36),
(1529, 2, 70, 36),
(1530, 2, 71, 36),
(1531, 2, 72, 36),
(1532, 2, 73, 36),
(1533, 1, 74, 36),
(1534, 1, 75, 36),
(1535, 1, 76, 36),
(1536, 1, 77, 36),
(1537, 1, 78, 36),
(1538, 2, 79, 36),
(1539, 1, 80, 36),
(1540, 1, 81, 36),
(1541, 2, 82, 36),
(1542, 1, 83, 36),
(1543, 1, 84, 36),
(1544, 1, 85, 36),
(1545, 2, 86, 36),
(1546, 1, 87, 36),
(1547, 2, 88, 36),
(1548, 2, 89, 36),
(1549, 1, 90, 36),
(1550, 2, 91, 36),
(1551, 2, 92, 36),
(1552, 2, 93, 36),
(1553, 2, 94, 36),
(1554, 2, 95, 36),
(1555, 2, 96, 36),
(1556, 2, 97, 36),
(1557, 2, 98, 36),
(1558, 2, 99, 36),
(1559, 1, 100, 36),
(1560, 2, 101, 36),
(1561, 2, 102, 36),
(1562, 1, 103, 36),
(1563, 1, 104, 36),
(1564, 1, 105, 36),
(1565, 2, 106, 36),
(1566, 1, 1, 49),
(1567, 2, 2, 49),
(1568, 2, 3, 49),
(1569, 2, 4, 49),
(1570, 2, 5, 49),
(1571, 1, 7, 49),
(1572, 2, 8, 49),
(1573, 1, 9, 49),
(1574, 2, 10, 49),
(1575, 2, 11, 49),
(1576, 2, 12, 49),
(1577, 2, 13, 49),
(1578, 1, 14, 49),
(1579, 1, 15, 49),
(1580, 1, 16, 49),
(1581, 1, 17, 49),
(1582, 1, 18, 49),
(1583, 2, 19, 49),
(1584, 1, 20, 49),
(1585, 2, 21, 49),
(1586, 1, 22, 49),
(1587, 1, 23, 49),
(1588, 1, 24, 49),
(1589, 2, 25, 49),
(1590, 1, 26, 49),
(1591, 2, 27, 49),
(1592, 2, 28, 49),
(1593, 2, 29, 49),
(1594, 2, 30, 49),
(1595, 2, 31, 49),
(1596, 2, 32, 49),
(1597, 1, 33, 49),
(1598, 2, 34, 49),
(1599, 1, 35, 49),
(1600, 2, 36, 49),
(1601, 2, 37, 49),
(1602, 2, 38, 49),
(1603, 1, 39, 49),
(1604, 2, 40, 49),
(1605, 2, 41, 49),
(1606, 1, 42, 49),
(1607, 2, 43, 49),
(1608, 1, 44, 49),
(1609, 2, 45, 49),
(1610, 2, 46, 49),
(1611, 2, 47, 49),
(1612, 2, 48, 49),
(1613, 1, 49, 49),
(1614, 1, 50, 49),
(1615, 2, 51, 49),
(1616, 2, 52, 49),
(1617, 2, 53, 49),
(1618, 2, 54, 49),
(1619, 1, 55, 49),
(1620, 2, 56, 49),
(1621, 1, 57, 49),
(1622, 2, 58, 49),
(1623, 2, 59, 49),
(1624, 2, 60, 49),
(1625, 2, 61, 49),
(1626, 1, 62, 49),
(1627, 1, 63, 49),
(1628, 2, 64, 49),
(1629, 1, 65, 49),
(1630, 1, 66, 49),
(1631, 2, 67, 49),
(1632, 1, 68, 49),
(1633, 1, 69, 49),
(1634, 1, 70, 49),
(1635, 1, 71, 49),
(1636, 2, 72, 49),
(1637, 1, 73, 49),
(1638, 2, 74, 49),
(1639, 2, 75, 49),
(1640, 2, 76, 49),
(1641, 2, 77, 49),
(1642, 1, 78, 49),
(1643, 2, 79, 49),
(1644, 1, 80, 49),
(1645, 2, 81, 49),
(1646, 2, 82, 49),
(1647, 1, 83, 49),
(1648, 2, 84, 49),
(1649, 2, 85, 49),
(1650, 1, 86, 49),
(1651, 1, 87, 49),
(1652, 2, 88, 49),
(1653, 1, 89, 49),
(1654, 1, 90, 49),
(1655, 1, 91, 49),
(1656, 2, 92, 49),
(1657, 1, 93, 49),
(1658, 2, 94, 49),
(1659, 1, 95, 49),
(1660, 2, 96, 49),
(1661, 2, 97, 49),
(1662, 1, 98, 49),
(1663, 2, 99, 49),
(1664, 1, 100, 49),
(1665, 2, 101, 49),
(1666, 2, 102, 49),
(1667, 2, 103, 49),
(1668, 1, 104, 49),
(1669, 1, 105, 49),
(1670, 1, 106, 49),
(1671, 1, 1, 22),
(1672, 1, 2, 22),
(1673, 2, 3, 22),
(1674, 2, 4, 22),
(1675, 1, 5, 22),
(1676, 1, 7, 22),
(1677, 2, 8, 22),
(1678, 2, 9, 22),
(1679, 2, 10, 22),
(1680, 1, 11, 22),
(1681, 2, 12, 22),
(1682, 1, 13, 22),
(1683, 2, 14, 22),
(1684, 2, 15, 22),
(1685, 2, 16, 22),
(1686, 2, 17, 22),
(1687, 1, 18, 22),
(1688, 1, 19, 22),
(1689, 1, 20, 22),
(1690, 1, 21, 22),
(1691, 2, 22, 22),
(1692, 2, 23, 22),
(1693, 2, 24, 22),
(1694, 2, 25, 22),
(1695, 2, 26, 22),
(1696, 2, 27, 22),
(1697, 2, 28, 22),
(1698, 1, 29, 22),
(1699, 2, 30, 22),
(1700, 2, 31, 22),
(1701, 1, 32, 22),
(1702, 1, 33, 22),
(1703, 2, 34, 22),
(1704, 2, 35, 22),
(1705, 1, 36, 22),
(1706, 2, 37, 22),
(1707, 1, 38, 22),
(1708, 1, 39, 22),
(1709, 2, 40, 22),
(1710, 1, 41, 22),
(1711, 1, 42, 22),
(1712, 2, 43, 22),
(1713, 2, 44, 22),
(1714, 1, 45, 22),
(1715, 2, 46, 22),
(1716, 1, 47, 22),
(1717, 2, 48, 22),
(1718, 2, 49, 22),
(1719, 1, 50, 22),
(1720, 1, 51, 22),
(1721, 2, 52, 22),
(1722, 1, 53, 22),
(1723, 2, 54, 22),
(1724, 1, 55, 22),
(1725, 1, 56, 22),
(1726, 2, 57, 22),
(1727, 2, 58, 22),
(1728, 2, 59, 22),
(1729, 1, 60, 22),
(1730, 1, 61, 22),
(1731, 2, 62, 22),
(1732, 1, 63, 22),
(1733, 1, 64, 22),
(1734, 1, 65, 22),
(1735, 2, 66, 22),
(1736, 2, 67, 22),
(1737, 1, 68, 22),
(1738, 1, 69, 22),
(1739, 1, 70, 22),
(1740, 1, 71, 22),
(1741, 2, 72, 22),
(1742, 1, 73, 22),
(1743, 1, 74, 22),
(1744, 2, 75, 22),
(1745, 1, 76, 22),
(1746, 1, 77, 22),
(1747, 1, 78, 22),
(1748, 2, 79, 22),
(1749, 1, 80, 22),
(1750, 1, 81, 22),
(1751, 1, 82, 22),
(1752, 2, 83, 22),
(1753, 1, 84, 22),
(1754, 2, 85, 22),
(1755, 2, 86, 22),
(1756, 2, 87, 22),
(1757, 2, 88, 22),
(1758, 1, 89, 22),
(1759, 2, 90, 22),
(1760, 2, 91, 22),
(1761, 2, 92, 22),
(1762, 2, 93, 22),
(1763, 2, 94, 22),
(1764, 1, 95, 22),
(1765, 2, 96, 22),
(1766, 1, 97, 22),
(1767, 2, 98, 22),
(1768, 2, 99, 22),
(1769, 1, 100, 22),
(1770, 1, 101, 22),
(1771, 2, 102, 22),
(1772, 2, 103, 22),
(1773, 1, 104, 22),
(1774, 1, 105, 22),
(1775, 1, 106, 22),
(1776, 1, 1, 46),
(1777, 2, 2, 46),
(1778, 2, 3, 46),
(1779, 1, 4, 46),
(1780, 1, 5, 46),
(1781, 2, 7, 46),
(1782, 1, 8, 46),
(1783, 2, 9, 46),
(1784, 2, 10, 46),
(1785, 1, 11, 46),
(1786, 2, 12, 46),
(1787, 1, 13, 46),
(1788, 1, 14, 46),
(1789, 1, 15, 46),
(1790, 2, 16, 46),
(1791, 2, 17, 46),
(1792, 1, 18, 46),
(1793, 2, 19, 46),
(1794, 2, 20, 46),
(1795, 1, 21, 46),
(1796, 2, 22, 46),
(1797, 2, 23, 46),
(1798, 1, 24, 46),
(1799, 2, 25, 46),
(1800, 2, 26, 46),
(1801, 2, 27, 46),
(1802, 2, 28, 46),
(1803, 1, 29, 46),
(1804, 2, 30, 46),
(1805, 2, 31, 46),
(1806, 1, 32, 46),
(1807, 1, 33, 46),
(1808, 1, 34, 46),
(1809, 1, 35, 46),
(1810, 1, 36, 46),
(1811, 2, 37, 46),
(1812, 2, 38, 46),
(1813, 2, 39, 46),
(1814, 1, 40, 46),
(1815, 1, 41, 46),
(1816, 1, 42, 46),
(1817, 2, 43, 46),
(1818, 1, 44, 46),
(1819, 1, 45, 46),
(1820, 1, 46, 46),
(1821, 2, 47, 46),
(1822, 1, 48, 46),
(1823, 1, 49, 46),
(1824, 1, 50, 46),
(1825, 2, 51, 46),
(1826, 1, 52, 46),
(1827, 1, 53, 46),
(1828, 2, 54, 46),
(1829, 1, 55, 46),
(1830, 1, 56, 46),
(1831, 2, 57, 46),
(1832, 2, 58, 46),
(1833, 2, 59, 46),
(1834, 1, 60, 46),
(1835, 2, 61, 46),
(1836, 1, 62, 46),
(1837, 2, 63, 46),
(1838, 2, 64, 46),
(1839, 1, 65, 46),
(1840, 1, 66, 46),
(1841, 1, 67, 46),
(1842, 1, 68, 46),
(1843, 2, 69, 46),
(1844, 1, 70, 46),
(1845, 2, 71, 46),
(1846, 2, 72, 46),
(1847, 1, 73, 46),
(1848, 2, 74, 46),
(1849, 2, 75, 46),
(1850, 2, 76, 46),
(1851, 2, 77, 46),
(1852, 2, 78, 46),
(1853, 1, 79, 46),
(1854, 2, 80, 46),
(1855, 2, 81, 46),
(1856, 1, 82, 46),
(1857, 1, 83, 46),
(1858, 2, 84, 46),
(1859, 1, 85, 46),
(1860, 1, 86, 46),
(1861, 1, 87, 46),
(1862, 1, 88, 46),
(1863, 1, 89, 46),
(1864, 1, 90, 46),
(1865, 2, 91, 46),
(1866, 2, 92, 46),
(1867, 1, 93, 46),
(1868, 1, 94, 46),
(1869, 1, 95, 46),
(1870, 2, 96, 46),
(1871, 2, 97, 46),
(1872, 2, 98, 46),
(1873, 1, 99, 46),
(1874, 2, 100, 46),
(1875, 2, 101, 46),
(1876, 2, 102, 46),
(1877, 2, 103, 46),
(1878, 2, 104, 46),
(1879, 2, 105, 46),
(1880, 2, 106, 46),
(1881, 1, 1, 39),
(1882, 1, 2, 39),
(1883, 2, 3, 39),
(1884, 2, 4, 39),
(1885, 2, 5, 39),
(1886, 1, 7, 39),
(1887, 2, 8, 39),
(1888, 2, 9, 39),
(1889, 1, 10, 39),
(1890, 1, 11, 39),
(1891, 1, 12, 39),
(1892, 1, 13, 39),
(1893, 1, 14, 39),
(1894, 2, 15, 39),
(1895, 2, 16, 39),
(1896, 1, 17, 39),
(1897, 2, 18, 39),
(1898, 1, 19, 39),
(1899, 1, 20, 39),
(1900, 1, 21, 39),
(1901, 2, 22, 39),
(1902, 1, 23, 39),
(1903, 1, 24, 39),
(1904, 1, 25, 39),
(1905, 2, 26, 39),
(1906, 2, 27, 39),
(1907, 2, 28, 39),
(1908, 2, 29, 39),
(1909, 1, 30, 39),
(1910, 2, 31, 39),
(1911, 2, 32, 39),
(1912, 2, 33, 39),
(1913, 1, 34, 39),
(1914, 2, 35, 39),
(1915, 2, 36, 39),
(1916, 2, 37, 39),
(1917, 2, 38, 39),
(1918, 2, 39, 39),
(1919, 2, 40, 39),
(1920, 2, 41, 39),
(1921, 1, 42, 39),
(1922, 1, 43, 39),
(1923, 2, 44, 39),
(1924, 1, 45, 39),
(1925, 1, 46, 39),
(1926, 2, 47, 39),
(1927, 1, 48, 39),
(1928, 1, 49, 39),
(1929, 2, 50, 39),
(1930, 1, 51, 39),
(1931, 2, 52, 39),
(1932, 2, 53, 39),
(1933, 1, 54, 39),
(1934, 2, 55, 39),
(1935, 1, 56, 39),
(1936, 1, 57, 39),
(1937, 2, 58, 39),
(1938, 1, 59, 39),
(1939, 1, 60, 39),
(1940, 2, 61, 39),
(1941, 1, 62, 39),
(1942, 1, 63, 39),
(1943, 2, 64, 39),
(1944, 2, 65, 39),
(1945, 2, 66, 39),
(1946, 2, 67, 39),
(1947, 2, 68, 39),
(1948, 1, 69, 39),
(1949, 2, 70, 39),
(1950, 2, 71, 39),
(1951, 1, 72, 39),
(1952, 2, 73, 39),
(1953, 2, 74, 39),
(1954, 1, 75, 39),
(1955, 1, 76, 39),
(1956, 2, 77, 39),
(1957, 1, 78, 39),
(1958, 1, 79, 39),
(1959, 2, 80, 39),
(1960, 1, 81, 39),
(1961, 2, 82, 39),
(1962, 2, 83, 39),
(1963, 2, 84, 39),
(1964, 2, 85, 39),
(1965, 2, 86, 39),
(1966, 2, 87, 39),
(1967, 2, 88, 39),
(1968, 2, 89, 39),
(1969, 2, 90, 39),
(1970, 1, 91, 39),
(1971, 1, 92, 39),
(1972, 1, 93, 39),
(1973, 2, 94, 39),
(1974, 2, 95, 39),
(1975, 2, 96, 39),
(1976, 2, 97, 39),
(1977, 2, 98, 39),
(1978, 1, 99, 39),
(1979, 1, 100, 39),
(1980, 1, 101, 39),
(1981, 2, 102, 39),
(1982, 1, 103, 39),
(1983, 1, 104, 39),
(1984, 1, 105, 39),
(1985, 2, 106, 39),
(1986, 1, 1, 51),
(1987, 2, 2, 51),
(1988, 1, 3, 51),
(1989, 2, 4, 51),
(1990, 1, 5, 51),
(1991, 2, 7, 51),
(1992, 2, 8, 51),
(1993, 2, 9, 51),
(1994, 2, 10, 51),
(1995, 2, 11, 51),
(1996, 2, 12, 51),
(1997, 2, 13, 51),
(1998, 1, 14, 51),
(1999, 2, 15, 51),
(2000, 2, 16, 51),
(2001, 2, 17, 51),
(2002, 2, 18, 51),
(2003, 1, 19, 51),
(2004, 1, 20, 51),
(2005, 2, 21, 51),
(2006, 1, 22, 51),
(2007, 1, 23, 51),
(2008, 2, 24, 51),
(2009, 2, 25, 51),
(2010, 2, 26, 51),
(2011, 1, 27, 51),
(2012, 1, 28, 51),
(2013, 2, 29, 51),
(2014, 2, 30, 51),
(2015, 1, 31, 51),
(2016, 1, 32, 51),
(2017, 1, 33, 51),
(2018, 2, 34, 51),
(2019, 2, 35, 51),
(2020, 1, 36, 51),
(2021, 1, 37, 51),
(2022, 1, 38, 51),
(2023, 1, 39, 51),
(2024, 1, 40, 51),
(2025, 2, 41, 51),
(2026, 2, 42, 51),
(2027, 1, 43, 51),
(2028, 2, 44, 51),
(2029, 1, 45, 51),
(2030, 2, 46, 51),
(2031, 2, 47, 51),
(2032, 2, 48, 51),
(2033, 2, 49, 51),
(2034, 2, 50, 51),
(2035, 1, 51, 51),
(2036, 1, 52, 51),
(2037, 1, 53, 51),
(2038, 2, 54, 51),
(2039, 2, 55, 51),
(2040, 1, 56, 51),
(2041, 2, 57, 51),
(2042, 2, 58, 51),
(2043, 2, 59, 51),
(2044, 1, 60, 51),
(2045, 1, 61, 51),
(2046, 2, 62, 51),
(2047, 2, 63, 51),
(2048, 2, 64, 51),
(2049, 1, 65, 51),
(2050, 2, 66, 51),
(2051, 2, 67, 51),
(2052, 1, 68, 51),
(2053, 2, 69, 51),
(2054, 2, 70, 51),
(2055, 1, 71, 51),
(2056, 2, 72, 51),
(2057, 2, 73, 51),
(2058, 1, 74, 51),
(2059, 1, 75, 51),
(2060, 1, 76, 51),
(2061, 2, 77, 51),
(2062, 1, 78, 51),
(2063, 2, 79, 51),
(2064, 2, 80, 51),
(2065, 2, 81, 51),
(2066, 1, 82, 51),
(2067, 2, 83, 51),
(2068, 1, 84, 51),
(2069, 2, 85, 51),
(2070, 2, 86, 51),
(2071, 1, 87, 51),
(2072, 2, 88, 51),
(2073, 1, 89, 51),
(2074, 2, 90, 51),
(2075, 2, 91, 51),
(2076, 1, 92, 51),
(2077, 1, 93, 51),
(2078, 2, 94, 51),
(2079, 2, 95, 51),
(2080, 1, 96, 51),
(2081, 2, 97, 51),
(2082, 1, 98, 51),
(2083, 1, 99, 51),
(2084, 2, 100, 51),
(2085, 2, 101, 51),
(2086, 2, 102, 51),
(2087, 1, 103, 51),
(2088, 2, 104, 51),
(2089, 1, 105, 51),
(2090, 1, 106, 51),
(2091, 1, 1, 52),
(2092, 2, 2, 52),
(2093, 1, 3, 52),
(2094, 2, 4, 52),
(2095, 2, 5, 52),
(2096, 1, 7, 52),
(2097, 1, 8, 52),
(2098, 1, 9, 52),
(2099, 2, 10, 52),
(2100, 2, 11, 52),
(2101, 1, 12, 52),
(2102, 1, 13, 52),
(2103, 1, 14, 52),
(2104, 2, 15, 52),
(2105, 1, 16, 52),
(2106, 1, 17, 52),
(2107, 2, 18, 52),
(2108, 2, 19, 52),
(2109, 1, 20, 52),
(2110, 2, 21, 52),
(2111, 1, 22, 52),
(2112, 1, 23, 52),
(2113, 1, 24, 52),
(2114, 1, 25, 52),
(2115, 2, 26, 52),
(2116, 1, 27, 52),
(2117, 2, 28, 52),
(2118, 2, 29, 52),
(2119, 1, 30, 52),
(2120, 2, 31, 52),
(2121, 2, 32, 52),
(2122, 2, 33, 52),
(2123, 2, 34, 52),
(2124, 2, 35, 52),
(2125, 1, 36, 52),
(2126, 1, 37, 52),
(2127, 1, 38, 52),
(2128, 1, 39, 52),
(2129, 2, 40, 52),
(2130, 1, 41, 52),
(2131, 1, 42, 52),
(2132, 2, 43, 52),
(2133, 1, 44, 52),
(2134, 2, 45, 52),
(2135, 1, 46, 52),
(2136, 1, 47, 52),
(2137, 1, 48, 52),
(2138, 1, 49, 52),
(2139, 2, 50, 52),
(2140, 1, 51, 52),
(2141, 2, 52, 52),
(2142, 2, 53, 52),
(2143, 1, 54, 52),
(2144, 2, 55, 52),
(2145, 2, 56, 52),
(2146, 2, 57, 52),
(2147, 1, 58, 52),
(2148, 1, 59, 52),
(2149, 2, 60, 52),
(2150, 2, 61, 52),
(2151, 2, 62, 52),
(2152, 2, 63, 52),
(2153, 1, 64, 52),
(2154, 1, 65, 52),
(2155, 1, 66, 52),
(2156, 2, 67, 52),
(2157, 1, 68, 52),
(2158, 2, 69, 52),
(2159, 1, 70, 52),
(2160, 1, 71, 52),
(2161, 2, 72, 52),
(2162, 2, 73, 52),
(2163, 2, 74, 52),
(2164, 1, 75, 52),
(2165, 1, 76, 52),
(2166, 2, 77, 52),
(2167, 2, 78, 52),
(2168, 1, 79, 52),
(2169, 2, 80, 52),
(2170, 1, 81, 52),
(2171, 1, 82, 52),
(2172, 1, 83, 52),
(2173, 1, 84, 52),
(2174, 2, 85, 52),
(2175, 2, 86, 52),
(2176, 1, 87, 52),
(2177, 1, 88, 52),
(2178, 2, 89, 52),
(2179, 1, 90, 52),
(2180, 1, 91, 52),
(2181, 2, 92, 52),
(2182, 2, 93, 52),
(2183, 2, 94, 52),
(2184, 2, 95, 52),
(2185, 1, 96, 52),
(2186, 2, 97, 52),
(2187, 2, 98, 52),
(2188, 1, 99, 52),
(2189, 1, 100, 52),
(2190, 2, 101, 52),
(2191, 2, 102, 52),
(2192, 1, 103, 52),
(2193, 2, 104, 52),
(2194, 2, 105, 52),
(2195, 1, 106, 52),
(2196, 2, 1, 3),
(2197, 1, 2, 3),
(2198, 2, 3, 3),
(2199, 1, 4, 3),
(2200, 2, 5, 3),
(2201, 1, 7, 3),
(2202, 2, 8, 3),
(2203, 2, 9, 3),
(2204, 2, 10, 3),
(2205, 1, 11, 3),
(2206, 1, 12, 3),
(2207, 2, 13, 3),
(2208, 1, 14, 3),
(2209, 2, 15, 3),
(2210, 2, 16, 3),
(2211, 2, 17, 3),
(2212, 1, 18, 3),
(2213, 2, 19, 3),
(2214, 1, 20, 3),
(2215, 1, 21, 3),
(2216, 2, 22, 3),
(2217, 2, 23, 3),
(2218, 1, 24, 3),
(2219, 1, 25, 3),
(2220, 1, 26, 3),
(2221, 1, 27, 3),
(2222, 1, 28, 3),
(2223, 2, 29, 3),
(2224, 1, 30, 3),
(2225, 1, 31, 3),
(2226, 2, 32, 3),
(2227, 1, 33, 3),
(2228, 2, 34, 3),
(2229, 2, 35, 3),
(2230, 1, 36, 3),
(2231, 1, 37, 3),
(2232, 1, 38, 3),
(2233, 2, 39, 3),
(2234, 2, 40, 3),
(2235, 2, 41, 3),
(2236, 2, 42, 3),
(2237, 1, 43, 3),
(2238, 1, 44, 3),
(2239, 2, 45, 3),
(2240, 2, 46, 3),
(2241, 2, 47, 3),
(2242, 1, 48, 3),
(2243, 1, 49, 3),
(2244, 2, 50, 3),
(2245, 1, 51, 3),
(2246, 1, 52, 3),
(2247, 1, 53, 3),
(2248, 2, 54, 3),
(2249, 2, 55, 3),
(2250, 1, 56, 3),
(2251, 2, 57, 3),
(2252, 1, 58, 3),
(2253, 2, 59, 3),
(2254, 1, 60, 3),
(2255, 2, 61, 3),
(2256, 2, 62, 3),
(2257, 1, 63, 3),
(2258, 2, 64, 3),
(2259, 1, 65, 3),
(2260, 2, 66, 3),
(2261, 2, 67, 3),
(2262, 1, 68, 3),
(2263, 2, 69, 3),
(2264, 2, 70, 3),
(2265, 1, 71, 3),
(2266, 1, 72, 3),
(2267, 1, 73, 3),
(2268, 2, 74, 3),
(2269, 1, 75, 3),
(2270, 1, 76, 3),
(2271, 1, 77, 3),
(2272, 1, 78, 3),
(2273, 2, 79, 3),
(2274, 1, 80, 3),
(2275, 1, 81, 3),
(2276, 2, 82, 3),
(2277, 2, 83, 3),
(2278, 2, 84, 3),
(2279, 2, 85, 3),
(2280, 1, 86, 3),
(2281, 1, 87, 3),
(2282, 2, 88, 3),
(2283, 1, 89, 3),
(2284, 1, 90, 3),
(2285, 1, 91, 3),
(2286, 2, 92, 3),
(2287, 2, 93, 3),
(2288, 2, 94, 3),
(2289, 2, 95, 3),
(2290, 1, 96, 3),
(2291, 2, 97, 3),
(2292, 1, 98, 3),
(2293, 2, 99, 3),
(2294, 2, 100, 3),
(2295, 2, 101, 3),
(2296, 1, 102, 3),
(2297, 1, 103, 3),
(2298, 1, 104, 3),
(2299, 1, 105, 3),
(2300, 1, 106, 3),
(2301, 2, 1, 10),
(2302, 2, 2, 10),
(2303, 2, 3, 10),
(2304, 1, 4, 10),
(2305, 2, 5, 10),
(2306, 1, 7, 10),
(2307, 2, 8, 10),
(2308, 1, 9, 10),
(2309, 1, 10, 10),
(2310, 2, 11, 10),
(2311, 1, 12, 10),
(2312, 1, 13, 10),
(2313, 2, 14, 10),
(2314, 2, 15, 10),
(2315, 2, 16, 10),
(2316, 2, 17, 10),
(2317, 2, 18, 10),
(2318, 1, 19, 10),
(2319, 1, 20, 10),
(2320, 2, 21, 10),
(2321, 1, 22, 10),
(2322, 2, 23, 10),
(2323, 1, 24, 10),
(2324, 1, 25, 10),
(2325, 2, 26, 10),
(2326, 1, 27, 10),
(2327, 1, 28, 10),
(2328, 1, 29, 10),
(2329, 2, 30, 10),
(2330, 2, 31, 10),
(2331, 1, 32, 10),
(2332, 2, 33, 10),
(2333, 2, 34, 10),
(2334, 2, 35, 10),
(2335, 2, 36, 10),
(2336, 1, 37, 10),
(2337, 1, 38, 10),
(2338, 2, 39, 10),
(2339, 2, 40, 10),
(2340, 2, 41, 10),
(2341, 1, 42, 10),
(2342, 2, 43, 10),
(2343, 1, 44, 10),
(2344, 1, 45, 10),
(2345, 1, 46, 10),
(2346, 2, 47, 10),
(2347, 2, 48, 10),
(2348, 2, 49, 10),
(2349, 1, 50, 10),
(2350, 2, 51, 10),
(2351, 1, 52, 10),
(2352, 1, 53, 10),
(2353, 1, 54, 10),
(2354, 1, 55, 10),
(2355, 1, 56, 10),
(2356, 2, 57, 10),
(2357, 2, 58, 10),
(2358, 2, 59, 10),
(2359, 1, 60, 10),
(2360, 1, 61, 10),
(2361, 1, 62, 10),
(2362, 1, 63, 10),
(2363, 2, 64, 10),
(2364, 2, 65, 10),
(2365, 1, 66, 10),
(2366, 2, 67, 10),
(2367, 1, 68, 10),
(2368, 1, 69, 10),
(2369, 1, 70, 10),
(2370, 1, 71, 10),
(2371, 2, 72, 10),
(2372, 1, 73, 10),
(2373, 2, 74, 10),
(2374, 1, 75, 10),
(2375, 2, 76, 10),
(2376, 2, 77, 10),
(2377, 1, 78, 10),
(2378, 2, 79, 10),
(2379, 2, 80, 10),
(2380, 2, 81, 10),
(2381, 1, 82, 10),
(2382, 2, 83, 10),
(2383, 2, 84, 10),
(2384, 2, 85, 10),
(2385, 1, 86, 10),
(2386, 2, 87, 10),
(2387, 2, 88, 10),
(2388, 1, 89, 10),
(2389, 1, 90, 10),
(2390, 2, 91, 10),
(2391, 2, 92, 10),
(2392, 1, 93, 10),
(2393, 1, 94, 10),
(2394, 2, 95, 10),
(2395, 1, 96, 10),
(2396, 1, 97, 10),
(2397, 1, 98, 10),
(2398, 1, 99, 10),
(2399, 1, 100, 10),
(2400, 1, 101, 10),
(2401, 2, 102, 10),
(2402, 1, 103, 10),
(2403, 1, 104, 10),
(2404, 1, 105, 10),
(2405, 2, 106, 10),
(2406, 1, 1, 23),
(2407, 1, 2, 23),
(2408, 2, 3, 23),
(2409, 1, 4, 23),
(2410, 1, 5, 23),
(2411, 2, 7, 23),
(2412, 2, 8, 23),
(2413, 1, 9, 23),
(2414, 2, 10, 23),
(2415, 1, 11, 23),
(2416, 1, 12, 23),
(2417, 1, 13, 23),
(2418, 2, 14, 23),
(2419, 2, 15, 23),
(2420, 2, 16, 23),
(2421, 2, 17, 23),
(2422, 1, 18, 23),
(2423, 2, 19, 23),
(2424, 2, 20, 23),
(2425, 2, 21, 23),
(2426, 1, 22, 23),
(2427, 2, 23, 23),
(2428, 2, 24, 23),
(2429, 2, 25, 23),
(2430, 1, 26, 23),
(2431, 2, 27, 23),
(2432, 1, 28, 23),
(2433, 2, 29, 23),
(2434, 1, 30, 23),
(2435, 1, 31, 23),
(2436, 2, 32, 23),
(2437, 1, 33, 23),
(2438, 2, 34, 23),
(2439, 2, 35, 23),
(2440, 2, 36, 23),
(2441, 2, 37, 23),
(2442, 2, 38, 23),
(2443, 1, 39, 23),
(2444, 2, 40, 23),
(2445, 2, 41, 23),
(2446, 1, 42, 23),
(2447, 1, 43, 23),
(2448, 1, 44, 23),
(2449, 2, 45, 23),
(2450, 1, 46, 23),
(2451, 2, 47, 23),
(2452, 1, 48, 23),
(2453, 1, 49, 23),
(2454, 1, 50, 23),
(2455, 2, 51, 23),
(2456, 2, 52, 23),
(2457, 1, 53, 23),
(2458, 1, 54, 23),
(2459, 1, 55, 23),
(2460, 2, 56, 23),
(2461, 1, 57, 23),
(2462, 2, 58, 23),
(2463, 1, 59, 23),
(2464, 2, 60, 23),
(2465, 2, 61, 23),
(2466, 2, 62, 23),
(2467, 1, 63, 23),
(2468, 2, 64, 23),
(2469, 2, 65, 23),
(2470, 1, 66, 23),
(2471, 1, 67, 23),
(2472, 1, 68, 23),
(2473, 1, 69, 23),
(2474, 2, 70, 23),
(2475, 2, 71, 23),
(2476, 2, 72, 23),
(2477, 1, 73, 23),
(2478, 1, 74, 23),
(2479, 1, 75, 23),
(2480, 2, 76, 23),
(2481, 1, 77, 23),
(2482, 2, 78, 23),
(2483, 1, 79, 23),
(2484, 2, 80, 23),
(2485, 1, 81, 23),
(2486, 1, 82, 23),
(2487, 2, 83, 23),
(2488, 1, 84, 23),
(2489, 2, 85, 23),
(2490, 2, 86, 23),
(2491, 2, 87, 23),
(2492, 2, 88, 23),
(2493, 2, 89, 23),
(2494, 1, 90, 23),
(2495, 2, 91, 23),
(2496, 1, 92, 23),
(2497, 1, 93, 23),
(2498, 1, 94, 23),
(2499, 2, 95, 23),
(2500, 2, 96, 23),
(2501, 2, 97, 23),
(2502, 2, 98, 23),
(2503, 1, 99, 23),
(2504, 2, 100, 23),
(2505, 1, 101, 23),
(2506, 1, 102, 23),
(2507, 1, 103, 23),
(2508, 2, 104, 23),
(2509, 1, 105, 23),
(2510, 2, 106, 23),
(2511, 2, 1, 45),
(2512, 2, 2, 45),
(2513, 1, 3, 45),
(2514, 2, 4, 45),
(2515, 2, 5, 45),
(2516, 1, 7, 45),
(2517, 1, 8, 45),
(2518, 2, 9, 45),
(2519, 2, 10, 45),
(2520, 2, 11, 45),
(2521, 1, 12, 45),
(2522, 1, 13, 45),
(2523, 1, 14, 45),
(2524, 2, 15, 45),
(2525, 1, 16, 45),
(2526, 1, 17, 45),
(2527, 2, 18, 45),
(2528, 1, 19, 45),
(2529, 1, 20, 45),
(2530, 2, 21, 45),
(2531, 2, 22, 45),
(2532, 1, 23, 45),
(2533, 1, 24, 45),
(2534, 2, 25, 45),
(2535, 2, 26, 45),
(2536, 2, 27, 45),
(2537, 1, 28, 45),
(2538, 1, 29, 45),
(2539, 1, 30, 45),
(2540, 1, 31, 45),
(2541, 2, 32, 45),
(2542, 2, 33, 45),
(2543, 2, 34, 45),
(2544, 2, 35, 45),
(2545, 1, 36, 45),
(2546, 2, 37, 45),
(2547, 1, 38, 45),
(2548, 1, 39, 45),
(2549, 1, 40, 45),
(2550, 2, 41, 45),
(2551, 1, 42, 45),
(2552, 2, 43, 45),
(2553, 2, 44, 45),
(2554, 1, 45, 45),
(2555, 1, 46, 45),
(2556, 1, 47, 45),
(2557, 2, 48, 45),
(2558, 1, 49, 45),
(2559, 2, 50, 45),
(2560, 1, 51, 45),
(2561, 1, 52, 45),
(2562, 1, 53, 45),
(2563, 1, 54, 45),
(2564, 2, 55, 45),
(2565, 1, 56, 45),
(2566, 1, 57, 45),
(2567, 1, 58, 45),
(2568, 1, 59, 45),
(2569, 2, 60, 45),
(2570, 2, 61, 45),
(2571, 2, 62, 45),
(2572, 1, 63, 45),
(2573, 2, 64, 45),
(2574, 1, 65, 45),
(2575, 2, 66, 45),
(2576, 2, 67, 45),
(2577, 2, 68, 45),
(2578, 1, 69, 45),
(2579, 2, 70, 45),
(2580, 2, 71, 45),
(2581, 1, 72, 45),
(2582, 2, 73, 45),
(2583, 1, 74, 45),
(2584, 1, 75, 45),
(2585, 1, 76, 45),
(2586, 1, 77, 45),
(2587, 2, 78, 45),
(2588, 1, 79, 45),
(2589, 2, 80, 45),
(2590, 2, 81, 45),
(2591, 1, 82, 45),
(2592, 2, 83, 45),
(2593, 2, 84, 45),
(2594, 1, 85, 45),
(2595, 2, 86, 45),
(2596, 2, 87, 45),
(2597, 1, 88, 45),
(2598, 2, 89, 45),
(2599, 2, 90, 45),
(2600, 1, 91, 45),
(2601, 1, 92, 45),
(2602, 2, 93, 45),
(2603, 2, 94, 45),
(2604, 2, 95, 45),
(2605, 2, 96, 45),
(2606, 1, 97, 45),
(2607, 2, 98, 45),
(2608, 2, 99, 45),
(2609, 1, 100, 45),
(2610, 2, 101, 45),
(2611, 2, 102, 45),
(2612, 2, 103, 45),
(2613, 1, 104, 45),
(2614, 1, 105, 45),
(2615, 1, 106, 45),
(2616, 1, 1, 37),
(2617, 1, 2, 37),
(2618, 1, 3, 37),
(2619, 2, 4, 37),
(2620, 2, 5, 37),
(2621, 2, 7, 37),
(2622, 1, 8, 37),
(2623, 2, 9, 37),
(2624, 2, 10, 37),
(2625, 2, 11, 37),
(2626, 1, 12, 37),
(2627, 2, 13, 37),
(2628, 2, 14, 37),
(2629, 1, 15, 37),
(2630, 2, 16, 37),
(2631, 2, 17, 37),
(2632, 2, 18, 37),
(2633, 2, 19, 37),
(2634, 1, 20, 37),
(2635, 2, 21, 37),
(2636, 2, 22, 37),
(2637, 2, 23, 37),
(2638, 1, 24, 37),
(2639, 2, 25, 37),
(2640, 1, 26, 37),
(2641, 1, 27, 37),
(2642, 2, 28, 37),
(2643, 1, 29, 37),
(2644, 1, 30, 37),
(2645, 1, 31, 37),
(2646, 1, 32, 37),
(2647, 1, 33, 37),
(2648, 2, 34, 37),
(2649, 2, 35, 37),
(2650, 2, 36, 37),
(2651, 2, 37, 37),
(2652, 2, 38, 37),
(2653, 1, 39, 37),
(2654, 2, 40, 37),
(2655, 2, 41, 37),
(2656, 1, 42, 37),
(2657, 1, 43, 37),
(2658, 2, 44, 37),
(2659, 1, 45, 37),
(2660, 2, 46, 37),
(2661, 2, 47, 37),
(2662, 1, 48, 37),
(2663, 2, 49, 37),
(2664, 2, 50, 37),
(2665, 1, 51, 37),
(2666, 1, 52, 37),
(2667, 1, 53, 37),
(2668, 1, 54, 37),
(2669, 1, 55, 37),
(2670, 2, 56, 37),
(2671, 2, 57, 37),
(2672, 1, 58, 37),
(2673, 1, 59, 37),
(2674, 2, 60, 37),
(2675, 2, 61, 37),
(2676, 2, 62, 37),
(2677, 2, 63, 37),
(2678, 1, 64, 37),
(2679, 2, 65, 37),
(2680, 1, 66, 37),
(2681, 1, 67, 37),
(2682, 2, 68, 37),
(2683, 2, 69, 37),
(2684, 2, 70, 37),
(2685, 1, 71, 37),
(2686, 1, 72, 37),
(2687, 1, 73, 37),
(2688, 1, 74, 37),
(2689, 2, 75, 37),
(2690, 2, 76, 37),
(2691, 2, 77, 37),
(2692, 1, 78, 37),
(2693, 1, 79, 37),
(2694, 1, 80, 37),
(2695, 2, 81, 37),
(2696, 2, 82, 37),
(2697, 2, 83, 37),
(2698, 1, 84, 37),
(2699, 2, 85, 37),
(2700, 1, 86, 37),
(2701, 1, 87, 37),
(2702, 1, 88, 37),
(2703, 1, 89, 37),
(2704, 1, 90, 37),
(2705, 2, 91, 37),
(2706, 1, 92, 37),
(2707, 1, 93, 37),
(2708, 1, 94, 37),
(2709, 2, 95, 37),
(2710, 1, 96, 37),
(2711, 1, 97, 37),
(2712, 2, 98, 37),
(2713, 1, 99, 37),
(2714, 1, 100, 37),
(2715, 1, 101, 37),
(2716, 2, 102, 37),
(2717, 2, 103, 37),
(2718, 2, 104, 37),
(2719, 2, 105, 37),
(2720, 1, 106, 37),
(2721, 1, 1, 21),
(2722, 1, 2, 21),
(2723, 1, 3, 21),
(2724, 1, 4, 21),
(2725, 1, 5, 21),
(2726, 1, 7, 21),
(2727, 2, 8, 21),
(2728, 2, 9, 21),
(2729, 1, 10, 21),
(2730, 1, 11, 21),
(2731, 2, 12, 21),
(2732, 1, 13, 21),
(2733, 1, 14, 21),
(2734, 2, 15, 21),
(2735, 2, 16, 21),
(2736, 1, 17, 21),
(2737, 2, 18, 21),
(2738, 2, 19, 21),
(2739, 1, 20, 21),
(2740, 1, 21, 21),
(2741, 1, 22, 21),
(2742, 2, 23, 21),
(2743, 1, 24, 21),
(2744, 1, 25, 21),
(2745, 2, 26, 21),
(2746, 2, 27, 21),
(2747, 1, 28, 21),
(2748, 2, 29, 21),
(2749, 1, 30, 21),
(2750, 2, 31, 21),
(2751, 2, 32, 21),
(2752, 1, 33, 21),
(2753, 1, 34, 21),
(2754, 2, 35, 21),
(2755, 1, 36, 21),
(2756, 2, 37, 21),
(2757, 2, 38, 21),
(2758, 1, 39, 21),
(2759, 2, 40, 21),
(2760, 1, 41, 21),
(2761, 2, 42, 21),
(2762, 2, 43, 21),
(2763, 1, 44, 21),
(2764, 2, 45, 21),
(2765, 2, 46, 21),
(2766, 2, 47, 21),
(2767, 1, 48, 21),
(2768, 2, 49, 21),
(2769, 1, 50, 21),
(2770, 2, 51, 21),
(2771, 1, 52, 21),
(2772, 2, 53, 21),
(2773, 1, 54, 21),
(2774, 1, 55, 21),
(2775, 2, 56, 21),
(2776, 2, 57, 21),
(2777, 1, 58, 21),
(2778, 1, 59, 21),
(2779, 1, 60, 21),
(2780, 1, 61, 21),
(2781, 2, 62, 21),
(2782, 1, 63, 21),
(2783, 1, 64, 21),
(2784, 1, 65, 21),
(2785, 1, 66, 21),
(2786, 1, 67, 21),
(2787, 2, 68, 21),
(2788, 2, 69, 21),
(2789, 1, 70, 21),
(2790, 2, 71, 21),
(2791, 1, 72, 21),
(2792, 2, 73, 21),
(2793, 2, 74, 21),
(2794, 2, 75, 21),
(2795, 2, 76, 21),
(2796, 1, 77, 21),
(2797, 1, 78, 21),
(2798, 2, 79, 21),
(2799, 2, 80, 21),
(2800, 2, 81, 21),
(2801, 2, 82, 21),
(2802, 1, 83, 21),
(2803, 2, 84, 21),
(2804, 1, 85, 21),
(2805, 1, 86, 21),
(2806, 1, 87, 21),
(2807, 1, 88, 21),
(2808, 2, 89, 21),
(2809, 2, 90, 21),
(2810, 1, 91, 21),
(2811, 2, 92, 21),
(2812, 1, 93, 21),
(2813, 1, 94, 21),
(2814, 2, 95, 21),
(2815, 1, 96, 21),
(2816, 2, 97, 21),
(2817, 1, 98, 21),
(2818, 1, 99, 21),
(2819, 2, 100, 21),
(2820, 2, 101, 21),
(2821, 2, 102, 21),
(2822, 1, 103, 21),
(2823, 2, 104, 21),
(2824, 2, 105, 21),
(2825, 2, 106, 21),
(2826, 1, 1, 5),
(2827, 2, 2, 5),
(2828, 1, 3, 5),
(2829, 1, 4, 5),
(2830, 1, 5, 5),
(2831, 1, 7, 5),
(2832, 2, 8, 5),
(2833, 1, 9, 5),
(2834, 2, 10, 5),
(2835, 1, 11, 5),
(2836, 1, 12, 5),
(2837, 2, 13, 5),
(2838, 2, 14, 5),
(2839, 1, 15, 5),
(2840, 2, 16, 5),
(2841, 1, 17, 5),
(2842, 2, 18, 5),
(2843, 1, 19, 5),
(2844, 2, 20, 5),
(2845, 2, 21, 5),
(2846, 1, 22, 5),
(2847, 2, 23, 5),
(2848, 2, 24, 5),
(2849, 1, 25, 5),
(2850, 2, 26, 5),
(2851, 1, 27, 5),
(2852, 1, 28, 5),
(2853, 2, 29, 5),
(2854, 1, 30, 5),
(2855, 1, 31, 5),
(2856, 2, 32, 5),
(2857, 1, 33, 5),
(2858, 2, 34, 5),
(2859, 1, 35, 5),
(2860, 2, 36, 5),
(2861, 2, 37, 5),
(2862, 2, 38, 5),
(2863, 1, 39, 5),
(2864, 2, 40, 5),
(2865, 2, 41, 5),
(2866, 2, 42, 5),
(2867, 1, 43, 5),
(2868, 1, 44, 5),
(2869, 1, 45, 5),
(2870, 1, 46, 5),
(2871, 1, 47, 5),
(2872, 2, 48, 5),
(2873, 2, 49, 5),
(2874, 1, 50, 5),
(2875, 1, 51, 5),
(2876, 2, 52, 5),
(2877, 1, 53, 5),
(2878, 1, 54, 5),
(2879, 1, 55, 5),
(2880, 1, 56, 5),
(2881, 2, 57, 5),
(2882, 2, 58, 5),
(2883, 2, 59, 5),
(2884, 1, 60, 5),
(2885, 2, 61, 5),
(2886, 1, 62, 5),
(2887, 1, 63, 5),
(2888, 1, 64, 5),
(2889, 2, 65, 5),
(2890, 2, 66, 5),
(2891, 1, 67, 5),
(2892, 2, 68, 5),
(2893, 1, 69, 5),
(2894, 2, 70, 5),
(2895, 2, 71, 5),
(2896, 1, 72, 5),
(2897, 2, 73, 5),
(2898, 2, 74, 5),
(2899, 1, 75, 5),
(2900, 1, 76, 5),
(2901, 1, 77, 5),
(2902, 2, 78, 5),
(2903, 2, 79, 5),
(2904, 1, 80, 5),
(2905, 1, 81, 5),
(2906, 2, 82, 5),
(2907, 2, 83, 5),
(2908, 2, 84, 5),
(2909, 2, 85, 5),
(2910, 2, 86, 5),
(2911, 1, 87, 5),
(2912, 1, 88, 5),
(2913, 2, 89, 5),
(2914, 1, 90, 5),
(2915, 2, 91, 5),
(2916, 1, 92, 5),
(2917, 2, 93, 5),
(2918, 2, 94, 5),
(2919, 2, 95, 5),
(2920, 1, 96, 5),
(2921, 1, 97, 5),
(2922, 1, 98, 5),
(2923, 2, 99, 5),
(2924, 1, 100, 5),
(2925, 2, 101, 5),
(2926, 1, 102, 5),
(2927, 2, 103, 5),
(2928, 2, 104, 5),
(2929, 1, 105, 5),
(2930, 1, 106, 5),
(2931, 2, 1, 9),
(2932, 2, 2, 9),
(2933, 2, 3, 9),
(2934, 1, 4, 9),
(2935, 1, 5, 9),
(2936, 2, 7, 9),
(2937, 2, 8, 9),
(2938, 1, 9, 9),
(2939, 1, 10, 9),
(2940, 2, 11, 9),
(2941, 1, 12, 9),
(2942, 2, 13, 9),
(2943, 1, 14, 9),
(2944, 1, 15, 9),
(2945, 2, 16, 9),
(2946, 1, 17, 9),
(2947, 1, 18, 9),
(2948, 1, 19, 9),
(2949, 2, 20, 9),
(2950, 1, 21, 9),
(2951, 2, 22, 9),
(2952, 1, 23, 9),
(2953, 2, 24, 9),
(2954, 2, 25, 9),
(2955, 2, 26, 9),
(2956, 2, 27, 9),
(2957, 1, 28, 9),
(2958, 1, 29, 9),
(2959, 2, 30, 9),
(2960, 2, 31, 9),
(2961, 1, 32, 9),
(2962, 2, 33, 9),
(2963, 1, 34, 9),
(2964, 2, 35, 9),
(2965, 1, 36, 9),
(2966, 2, 37, 9),
(2967, 1, 38, 9),
(2968, 2, 39, 9),
(2969, 1, 40, 9),
(2970, 1, 41, 9),
(2971, 1, 42, 9),
(2972, 1, 43, 9),
(2973, 1, 44, 9),
(2974, 1, 45, 9),
(2975, 1, 46, 9),
(2976, 2, 47, 9),
(2977, 1, 48, 9),
(2978, 1, 49, 9),
(2979, 1, 50, 9),
(2980, 2, 51, 9),
(2981, 2, 52, 9),
(2982, 2, 53, 9),
(2983, 2, 54, 9),
(2984, 1, 55, 9),
(2985, 1, 56, 9),
(2986, 1, 57, 9),
(2987, 1, 58, 9),
(2988, 1, 59, 9),
(2989, 2, 60, 9),
(2990, 2, 61, 9),
(2991, 1, 62, 9),
(2992, 2, 63, 9),
(2993, 1, 64, 9),
(2994, 2, 65, 9),
(2995, 1, 66, 9),
(2996, 1, 67, 9),
(2997, 1, 68, 9),
(2998, 1, 69, 9),
(2999, 1, 70, 9),
(3000, 1, 71, 9),
(3001, 1, 72, 9),
(3002, 1, 73, 9),
(3003, 1, 74, 9),
(3004, 1, 75, 9),
(3005, 2, 76, 9),
(3006, 1, 77, 9),
(3007, 2, 78, 9),
(3008, 2, 79, 9),
(3009, 1, 80, 9),
(3010, 2, 81, 9),
(3011, 2, 82, 9),
(3012, 1, 83, 9),
(3013, 1, 84, 9),
(3014, 2, 85, 9),
(3015, 2, 86, 9),
(3016, 2, 87, 9),
(3017, 1, 88, 9),
(3018, 1, 89, 9),
(3019, 1, 90, 9),
(3020, 1, 91, 9),
(3021, 2, 92, 9),
(3022, 2, 93, 9),
(3023, 1, 94, 9),
(3024, 1, 95, 9),
(3025, 1, 96, 9),
(3026, 1, 97, 9),
(3027, 1, 98, 9),
(3028, 2, 99, 9),
(3029, 1, 100, 9),
(3030, 1, 101, 9),
(3031, 2, 102, 9),
(3032, 2, 103, 9),
(3033, 1, 104, 9),
(3034, 2, 105, 9),
(3035, 1, 106, 9),
(3036, 2, 1, 15),
(3037, 2, 2, 15),
(3038, 1, 3, 15),
(3039, 1, 4, 15),
(3040, 2, 5, 15),
(3041, 2, 7, 15),
(3042, 1, 8, 15),
(3043, 2, 9, 15),
(3044, 1, 10, 15),
(3045, 1, 11, 15),
(3046, 2, 12, 15),
(3047, 1, 13, 15),
(3048, 2, 14, 15),
(3049, 1, 15, 15),
(3050, 1, 16, 15),
(3051, 2, 17, 15),
(3052, 1, 18, 15),
(3053, 1, 19, 15),
(3054, 2, 20, 15),
(3055, 2, 21, 15),
(3056, 2, 22, 15),
(3057, 1, 23, 15),
(3058, 1, 24, 15),
(3059, 2, 25, 15),
(3060, 2, 26, 15),
(3061, 2, 27, 15),
(3062, 2, 28, 15),
(3063, 1, 29, 15),
(3064, 1, 30, 15),
(3065, 1, 31, 15),
(3066, 1, 32, 15),
(3067, 2, 33, 15),
(3068, 2, 34, 15),
(3069, 1, 35, 15),
(3070, 1, 36, 15),
(3071, 1, 37, 15),
(3072, 1, 38, 15),
(3073, 2, 39, 15),
(3074, 1, 40, 15),
(3075, 2, 41, 15),
(3076, 2, 42, 15),
(3077, 2, 43, 15),
(3078, 1, 44, 15),
(3079, 1, 45, 15),
(3080, 2, 46, 15),
(3081, 1, 47, 15),
(3082, 1, 48, 15),
(3083, 2, 49, 15),
(3084, 2, 50, 15),
(3085, 2, 51, 15),
(3086, 2, 52, 15),
(3087, 2, 53, 15),
(3088, 1, 54, 15),
(3089, 1, 55, 15),
(3090, 2, 56, 15),
(3091, 2, 57, 15),
(3092, 2, 58, 15),
(3093, 2, 59, 15),
(3094, 2, 60, 15),
(3095, 2, 61, 15),
(3096, 2, 62, 15),
(3097, 1, 63, 15),
(3098, 2, 64, 15),
(3099, 1, 65, 15),
(3100, 2, 66, 15),
(3101, 2, 67, 15),
(3102, 1, 68, 15),
(3103, 1, 69, 15),
(3104, 1, 70, 15),
(3105, 2, 71, 15),
(3106, 1, 72, 15),
(3107, 2, 73, 15),
(3108, 1, 74, 15),
(3109, 2, 75, 15),
(3110, 1, 76, 15),
(3111, 2, 77, 15),
(3112, 1, 78, 15),
(3113, 1, 79, 15),
(3114, 2, 80, 15),
(3115, 1, 81, 15),
(3116, 1, 82, 15),
(3117, 1, 83, 15),
(3118, 1, 84, 15),
(3119, 2, 85, 15),
(3120, 2, 86, 15),
(3121, 2, 87, 15),
(3122, 2, 88, 15),
(3123, 2, 89, 15),
(3124, 1, 90, 15),
(3125, 2, 91, 15),
(3126, 2, 92, 15),
(3127, 2, 93, 15),
(3128, 2, 94, 15),
(3129, 2, 95, 15),
(3130, 1, 96, 15),
(3131, 2, 97, 15),
(3132, 1, 98, 15),
(3133, 2, 99, 15),
(3134, 2, 100, 15),
(3135, 1, 101, 15),
(3136, 2, 102, 15),
(3137, 1, 103, 15),
(3138, 2, 104, 15),
(3139, 2, 105, 15),
(3140, 2, 106, 15),
(3141, 1, 1, 6),
(3142, 1, 2, 6),
(3143, 2, 3, 6),
(3144, 2, 4, 6),
(3145, 1, 5, 6),
(3146, 2, 7, 6),
(3147, 1, 8, 6),
(3148, 1, 9, 6),
(3149, 2, 10, 6),
(3150, 1, 11, 6),
(3151, 1, 12, 6),
(3152, 1, 13, 6),
(3153, 1, 14, 6),
(3154, 2, 15, 6),
(3155, 1, 16, 6),
(3156, 2, 17, 6),
(3157, 2, 18, 6),
(3158, 1, 19, 6),
(3159, 2, 20, 6),
(3160, 1, 21, 6),
(3161, 1, 22, 6),
(3162, 2, 23, 6),
(3163, 1, 24, 6),
(3164, 1, 25, 6),
(3165, 2, 26, 6),
(3166, 1, 27, 6),
(3167, 1, 28, 6),
(3168, 1, 29, 6),
(3169, 1, 30, 6),
(3170, 2, 31, 6),
(3171, 1, 32, 6),
(3172, 2, 33, 6),
(3173, 1, 34, 6),
(3174, 1, 35, 6),
(3175, 1, 36, 6),
(3176, 2, 37, 6),
(3177, 1, 38, 6),
(3178, 1, 39, 6),
(3179, 2, 40, 6),
(3180, 1, 41, 6),
(3181, 2, 42, 6),
(3182, 1, 43, 6),
(3183, 2, 44, 6),
(3184, 2, 45, 6),
(3185, 1, 46, 6),
(3186, 1, 47, 6),
(3187, 2, 48, 6),
(3188, 2, 49, 6),
(3189, 2, 50, 6),
(3190, 2, 51, 6),
(3191, 2, 52, 6),
(3192, 1, 53, 6),
(3193, 1, 54, 6),
(3194, 1, 55, 6),
(3195, 2, 56, 6),
(3196, 2, 57, 6),
(3197, 1, 58, 6),
(3198, 2, 59, 6),
(3199, 1, 60, 6),
(3200, 2, 61, 6),
(3201, 2, 62, 6),
(3202, 1, 63, 6),
(3203, 2, 64, 6),
(3204, 1, 65, 6),
(3205, 1, 66, 6),
(3206, 1, 67, 6),
(3207, 1, 68, 6),
(3208, 1, 69, 6),
(3209, 1, 70, 6),
(3210, 1, 71, 6),
(3211, 2, 72, 6),
(3212, 2, 73, 6),
(3213, 2, 74, 6),
(3214, 1, 75, 6),
(3215, 2, 76, 6),
(3216, 2, 77, 6),
(3217, 1, 78, 6),
(3218, 2, 79, 6),
(3219, 1, 80, 6),
(3220, 1, 81, 6),
(3221, 1, 82, 6),
(3222, 1, 83, 6),
(3223, 2, 84, 6),
(3224, 2, 85, 6),
(3225, 1, 86, 6),
(3226, 1, 87, 6),
(3227, 1, 88, 6),
(3228, 2, 89, 6),
(3229, 1, 90, 6),
(3230, 1, 91, 6),
(3231, 1, 92, 6),
(3232, 1, 93, 6),
(3233, 1, 94, 6),
(3234, 1, 95, 6),
(3235, 2, 96, 6),
(3236, 1, 97, 6),
(3237, 1, 98, 6),
(3238, 1, 99, 6),
(3239, 2, 100, 6),
(3240, 1, 101, 6),
(3241, 1, 102, 6),
(3242, 1, 103, 6),
(3243, 2, 104, 6),
(3244, 2, 105, 6),
(3245, 1, 106, 6),
(3246, 2, 1, 50),
(3247, 1, 2, 50),
(3248, 2, 3, 50),
(3249, 2, 4, 50),
(3250, 1, 5, 50),
(3251, 2, 7, 50),
(3252, 2, 8, 50),
(3253, 1, 9, 50),
(3254, 1, 10, 50),
(3255, 2, 11, 50),
(3256, 1, 12, 50),
(3257, 1, 13, 50),
(3258, 2, 14, 50),
(3259, 1, 15, 50),
(3260, 2, 16, 50),
(3261, 1, 17, 50),
(3262, 2, 18, 50),
(3263, 1, 19, 50),
(3264, 2, 20, 50),
(3265, 1, 21, 50),
(3266, 2, 22, 50),
(3267, 1, 23, 50),
(3268, 2, 24, 50),
(3269, 1, 25, 50),
(3270, 2, 26, 50),
(3271, 1, 27, 50),
(3272, 2, 28, 50),
(3273, 2, 29, 50),
(3274, 1, 30, 50),
(3275, 2, 31, 50),
(3276, 1, 32, 50),
(3277, 2, 33, 50),
(3278, 2, 34, 50),
(3279, 2, 35, 50),
(3280, 2, 36, 50),
(3281, 1, 37, 50),
(3282, 1, 38, 50),
(3283, 2, 39, 50),
(3284, 1, 40, 50),
(3285, 2, 41, 50),
(3286, 2, 42, 50),
(3287, 2, 43, 50),
(3288, 1, 44, 50),
(3289, 1, 45, 50),
(3290, 2, 46, 50),
(3291, 2, 47, 50),
(3292, 1, 48, 50),
(3293, 2, 49, 50),
(3294, 2, 50, 50),
(3295, 1, 51, 50),
(3296, 2, 52, 50),
(3297, 2, 53, 50),
(3298, 2, 54, 50),
(3299, 1, 55, 50),
(3300, 1, 56, 50),
(3301, 1, 57, 50),
(3302, 1, 58, 50),
(3303, 1, 59, 50),
(3304, 2, 60, 50),
(3305, 1, 61, 50),
(3306, 1, 62, 50),
(3307, 2, 63, 50),
(3308, 1, 64, 50),
(3309, 1, 65, 50),
(3310, 1, 66, 50),
(3311, 1, 67, 50),
(3312, 1, 68, 50),
(3313, 1, 69, 50),
(3314, 1, 70, 50),
(3315, 2, 71, 50),
(3316, 1, 72, 50),
(3317, 1, 73, 50),
(3318, 1, 74, 50),
(3319, 2, 75, 50),
(3320, 2, 76, 50),
(3321, 2, 77, 50),
(3322, 1, 78, 50),
(3323, 1, 79, 50),
(3324, 1, 80, 50),
(3325, 1, 81, 50),
(3326, 1, 82, 50),
(3327, 2, 83, 50),
(3328, 2, 84, 50),
(3329, 1, 85, 50),
(3330, 1, 86, 50),
(3331, 1, 87, 50),
(3332, 2, 88, 50),
(3333, 1, 89, 50),
(3334, 1, 90, 50),
(3335, 2, 91, 50),
(3336, 1, 92, 50),
(3337, 2, 93, 50),
(3338, 2, 94, 50),
(3339, 2, 95, 50),
(3340, 1, 96, 50),
(3341, 2, 97, 50),
(3342, 1, 98, 50),
(3343, 2, 99, 50),
(3344, 1, 100, 50),
(3345, 1, 101, 50),
(3346, 2, 102, 50),
(3347, 1, 103, 50),
(3348, 2, 104, 50),
(3349, 1, 105, 50),
(3350, 2, 106, 50),
(3351, 2, 1, 16),
(3352, 2, 2, 16),
(3353, 1, 3, 16),
(3354, 2, 4, 16),
(3355, 1, 5, 16),
(3356, 1, 7, 16),
(3357, 2, 8, 16),
(3358, 1, 9, 16),
(3359, 2, 10, 16),
(3360, 2, 11, 16),
(3361, 2, 12, 16),
(3362, 1, 13, 16),
(3363, 1, 14, 16),
(3364, 1, 15, 16),
(3365, 1, 16, 16),
(3366, 1, 17, 16),
(3367, 1, 18, 16),
(3368, 1, 19, 16),
(3369, 1, 20, 16),
(3370, 1, 21, 16),
(3371, 1, 22, 16),
(3372, 1, 23, 16),
(3373, 1, 24, 16),
(3374, 2, 25, 16),
(3375, 2, 26, 16),
(3376, 1, 27, 16),
(3377, 1, 28, 16),
(3378, 2, 29, 16),
(3379, 2, 30, 16),
(3380, 1, 31, 16),
(3381, 2, 32, 16),
(3382, 2, 33, 16),
(3383, 2, 34, 16),
(3384, 1, 35, 16),
(3385, 2, 36, 16),
(3386, 2, 37, 16),
(3387, 1, 38, 16),
(3388, 2, 39, 16),
(3389, 1, 40, 16),
(3390, 1, 41, 16),
(3391, 1, 42, 16),
(3392, 2, 43, 16),
(3393, 1, 44, 16),
(3394, 1, 45, 16),
(3395, 2, 46, 16),
(3396, 1, 47, 16),
(3397, 2, 48, 16),
(3398, 2, 49, 16),
(3399, 2, 50, 16),
(3400, 2, 51, 16),
(3401, 2, 52, 16),
(3402, 2, 53, 16),
(3403, 1, 54, 16),
(3404, 2, 55, 16),
(3405, 1, 56, 16),
(3406, 1, 57, 16),
(3407, 1, 58, 16),
(3408, 1, 59, 16),
(3409, 1, 60, 16),
(3410, 2, 61, 16),
(3411, 2, 62, 16),
(3412, 2, 63, 16),
(3413, 1, 64, 16),
(3414, 1, 65, 16),
(3415, 1, 66, 16),
(3416, 2, 67, 16),
(3417, 2, 68, 16),
(3418, 1, 69, 16),
(3419, 1, 70, 16),
(3420, 1, 71, 16);
INSERT INTO `palec` (`id`, `typ`, `uzivatel_id`, `prispevek_id`) VALUES
(3421, 1, 72, 16),
(3422, 2, 73, 16),
(3423, 2, 74, 16),
(3424, 2, 75, 16),
(3425, 1, 76, 16),
(3426, 1, 77, 16),
(3427, 2, 78, 16),
(3428, 1, 79, 16),
(3429, 2, 80, 16),
(3430, 1, 81, 16),
(3431, 2, 82, 16),
(3432, 2, 83, 16),
(3433, 1, 84, 16),
(3434, 2, 85, 16),
(3435, 2, 86, 16),
(3436, 1, 87, 16),
(3437, 1, 88, 16),
(3438, 1, 89, 16),
(3439, 1, 90, 16),
(3440, 1, 91, 16),
(3441, 1, 92, 16),
(3442, 1, 93, 16),
(3443, 2, 94, 16),
(3444, 2, 95, 16),
(3445, 1, 96, 16),
(3446, 2, 97, 16),
(3447, 1, 98, 16),
(3448, 2, 99, 16),
(3449, 2, 100, 16),
(3450, 1, 101, 16),
(3451, 2, 102, 16),
(3452, 1, 103, 16),
(3453, 1, 104, 16),
(3454, 1, 105, 16),
(3455, 1, 106, 16),
(3456, 2, 1, 7),
(3457, 2, 2, 7),
(3458, 1, 3, 7),
(3459, 1, 4, 7),
(3460, 1, 5, 7),
(3461, 2, 7, 7),
(3462, 2, 8, 7),
(3463, 1, 9, 7),
(3464, 2, 10, 7),
(3465, 1, 11, 7),
(3466, 1, 12, 7),
(3467, 2, 13, 7),
(3468, 1, 14, 7),
(3469, 2, 15, 7),
(3470, 2, 16, 7),
(3471, 2, 17, 7),
(3472, 1, 18, 7),
(3473, 2, 19, 7),
(3474, 1, 20, 7),
(3475, 1, 21, 7),
(3476, 2, 22, 7),
(3477, 2, 23, 7),
(3478, 1, 24, 7),
(3479, 1, 25, 7),
(3480, 2, 26, 7),
(3481, 2, 27, 7),
(3482, 2, 28, 7),
(3483, 2, 29, 7),
(3484, 2, 30, 7),
(3485, 2, 31, 7),
(3486, 1, 32, 7),
(3487, 2, 33, 7),
(3488, 2, 34, 7),
(3489, 1, 35, 7),
(3490, 1, 36, 7),
(3491, 1, 37, 7),
(3492, 1, 38, 7),
(3493, 1, 39, 7),
(3494, 2, 40, 7),
(3495, 2, 41, 7),
(3496, 1, 42, 7),
(3497, 1, 43, 7),
(3498, 1, 44, 7),
(3499, 2, 45, 7),
(3500, 2, 46, 7),
(3501, 2, 47, 7),
(3502, 1, 48, 7),
(3503, 2, 49, 7),
(3504, 1, 50, 7),
(3505, 2, 51, 7),
(3506, 1, 52, 7),
(3507, 2, 53, 7),
(3508, 2, 54, 7),
(3509, 2, 55, 7),
(3510, 1, 56, 7),
(3511, 1, 57, 7),
(3512, 2, 58, 7),
(3513, 2, 59, 7),
(3514, 2, 60, 7),
(3515, 2, 61, 7),
(3516, 2, 62, 7),
(3517, 2, 63, 7),
(3518, 1, 64, 7),
(3519, 2, 65, 7),
(3520, 1, 66, 7),
(3521, 1, 67, 7),
(3522, 2, 68, 7),
(3523, 1, 69, 7),
(3524, 2, 70, 7),
(3525, 1, 71, 7),
(3526, 1, 72, 7),
(3527, 1, 73, 7),
(3528, 1, 74, 7),
(3529, 2, 75, 7),
(3530, 2, 76, 7),
(3531, 2, 77, 7),
(3532, 2, 78, 7),
(3533, 2, 79, 7),
(3534, 2, 80, 7),
(3535, 2, 81, 7),
(3536, 2, 82, 7),
(3537, 1, 83, 7),
(3538, 1, 84, 7),
(3539, 1, 85, 7),
(3540, 2, 86, 7),
(3541, 2, 87, 7),
(3542, 2, 88, 7),
(3543, 2, 89, 7),
(3544, 2, 90, 7),
(3545, 2, 91, 7),
(3546, 1, 92, 7),
(3547, 1, 93, 7),
(3548, 1, 94, 7),
(3549, 2, 95, 7),
(3550, 2, 96, 7),
(3551, 1, 97, 7),
(3552, 1, 98, 7),
(3553, 2, 99, 7),
(3554, 1, 100, 7),
(3555, 2, 101, 7),
(3556, 1, 102, 7),
(3557, 1, 103, 7),
(3558, 2, 104, 7),
(3559, 2, 105, 7),
(3560, 2, 106, 7),
(3561, 2, 1, 29),
(3562, 1, 2, 29),
(3563, 2, 3, 29),
(3564, 2, 4, 29),
(3565, 1, 5, 29),
(3566, 2, 7, 29),
(3567, 2, 8, 29),
(3568, 1, 9, 29),
(3569, 2, 10, 29),
(3570, 2, 11, 29),
(3571, 2, 12, 29),
(3572, 2, 13, 29),
(3573, 2, 14, 29),
(3574, 1, 15, 29),
(3575, 2, 16, 29),
(3576, 2, 17, 29),
(3577, 1, 18, 29),
(3578, 2, 19, 29),
(3579, 2, 20, 29),
(3580, 1, 21, 29),
(3581, 2, 22, 29),
(3582, 1, 23, 29),
(3583, 2, 24, 29),
(3584, 1, 25, 29),
(3585, 2, 26, 29),
(3586, 1, 27, 29),
(3587, 2, 28, 29),
(3588, 2, 29, 29),
(3589, 1, 30, 29),
(3590, 2, 31, 29),
(3591, 1, 32, 29),
(3592, 1, 33, 29),
(3593, 1, 34, 29),
(3594, 2, 35, 29),
(3595, 1, 36, 29),
(3596, 1, 37, 29),
(3597, 1, 38, 29),
(3598, 1, 39, 29),
(3599, 2, 40, 29),
(3600, 2, 41, 29),
(3601, 2, 42, 29),
(3602, 2, 43, 29),
(3603, 2, 44, 29),
(3604, 1, 45, 29),
(3605, 1, 46, 29),
(3606, 2, 47, 29),
(3607, 2, 48, 29),
(3608, 2, 49, 29),
(3609, 1, 50, 29),
(3610, 1, 51, 29),
(3611, 2, 52, 29),
(3612, 2, 53, 29),
(3613, 2, 54, 29),
(3614, 2, 55, 29),
(3615, 1, 56, 29),
(3616, 2, 57, 29),
(3617, 1, 58, 29),
(3618, 1, 59, 29),
(3619, 1, 60, 29),
(3620, 2, 61, 29),
(3621, 2, 62, 29),
(3622, 1, 63, 29),
(3623, 1, 64, 29),
(3624, 1, 65, 29),
(3625, 1, 66, 29),
(3626, 2, 67, 29),
(3627, 2, 68, 29),
(3628, 2, 69, 29),
(3629, 1, 70, 29),
(3630, 2, 71, 29),
(3631, 1, 72, 29),
(3632, 2, 73, 29),
(3633, 1, 74, 29),
(3634, 1, 75, 29),
(3635, 1, 76, 29),
(3636, 2, 77, 29),
(3637, 2, 78, 29),
(3638, 2, 79, 29),
(3639, 1, 80, 29),
(3640, 2, 81, 29),
(3641, 1, 82, 29),
(3642, 2, 83, 29),
(3643, 2, 84, 29),
(3644, 1, 85, 29),
(3645, 2, 86, 29),
(3646, 1, 87, 29),
(3647, 1, 88, 29),
(3648, 1, 89, 29),
(3649, 1, 90, 29),
(3650, 2, 91, 29),
(3651, 2, 92, 29),
(3652, 2, 93, 29),
(3653, 1, 94, 29),
(3654, 1, 95, 29),
(3655, 2, 96, 29),
(3656, 2, 97, 29),
(3657, 2, 98, 29),
(3658, 2, 99, 29),
(3659, 2, 100, 29),
(3660, 1, 101, 29),
(3661, 1, 102, 29),
(3662, 2, 103, 29),
(3663, 2, 104, 29),
(3664, 1, 105, 29),
(3665, 2, 106, 29),
(3666, 1, 1, 27),
(3667, 1, 2, 27),
(3668, 2, 3, 27),
(3669, 2, 4, 27),
(3670, 1, 5, 27),
(3671, 1, 7, 27),
(3672, 1, 8, 27),
(3673, 1, 9, 27),
(3674, 2, 10, 27),
(3675, 2, 11, 27),
(3676, 1, 12, 27),
(3677, 2, 13, 27),
(3678, 2, 14, 27),
(3679, 1, 15, 27),
(3680, 1, 16, 27),
(3681, 2, 17, 27),
(3682, 1, 18, 27),
(3683, 2, 19, 27),
(3684, 1, 20, 27),
(3685, 2, 21, 27),
(3686, 1, 22, 27),
(3687, 2, 23, 27),
(3688, 1, 24, 27),
(3689, 1, 25, 27),
(3690, 1, 26, 27),
(3691, 1, 27, 27),
(3692, 2, 28, 27),
(3693, 2, 29, 27),
(3694, 1, 30, 27),
(3695, 2, 31, 27),
(3696, 1, 32, 27),
(3697, 2, 33, 27),
(3698, 1, 34, 27),
(3699, 1, 35, 27),
(3700, 1, 36, 27),
(3701, 2, 37, 27),
(3702, 1, 38, 27),
(3703, 1, 39, 27),
(3704, 1, 40, 27),
(3705, 2, 41, 27),
(3706, 2, 42, 27),
(3707, 2, 43, 27),
(3708, 2, 44, 27),
(3709, 1, 45, 27),
(3710, 2, 46, 27),
(3711, 2, 47, 27),
(3712, 2, 48, 27),
(3713, 2, 49, 27),
(3714, 1, 50, 27),
(3715, 2, 51, 27),
(3716, 2, 52, 27),
(3717, 1, 53, 27),
(3718, 2, 54, 27),
(3719, 2, 55, 27),
(3720, 2, 56, 27),
(3721, 2, 57, 27),
(3722, 2, 58, 27),
(3723, 1, 59, 27),
(3724, 2, 60, 27),
(3725, 2, 61, 27),
(3726, 2, 62, 27),
(3727, 2, 63, 27),
(3728, 1, 64, 27),
(3729, 1, 65, 27),
(3730, 1, 66, 27),
(3731, 1, 67, 27),
(3732, 2, 68, 27),
(3733, 1, 69, 27),
(3734, 2, 70, 27),
(3735, 2, 71, 27),
(3736, 1, 72, 27),
(3737, 2, 73, 27),
(3738, 1, 74, 27),
(3739, 1, 75, 27),
(3740, 2, 76, 27),
(3741, 1, 77, 27),
(3742, 1, 78, 27),
(3743, 2, 79, 27),
(3744, 2, 80, 27),
(3745, 2, 81, 27),
(3746, 2, 82, 27),
(3747, 2, 83, 27),
(3748, 2, 84, 27),
(3749, 1, 85, 27),
(3750, 1, 86, 27),
(3751, 1, 87, 27),
(3752, 1, 88, 27),
(3753, 2, 89, 27),
(3754, 2, 90, 27),
(3755, 1, 91, 27),
(3756, 1, 92, 27),
(3757, 2, 93, 27),
(3758, 2, 94, 27),
(3759, 1, 95, 27),
(3760, 2, 96, 27),
(3761, 2, 97, 27),
(3762, 1, 98, 27),
(3763, 1, 99, 27),
(3764, 2, 100, 27),
(3765, 2, 101, 27),
(3766, 1, 102, 27),
(3767, 2, 103, 27),
(3768, 2, 104, 27),
(3769, 1, 105, 27),
(3770, 1, 106, 27),
(3771, 2, 1, 32),
(3772, 1, 2, 32),
(3773, 2, 3, 32),
(3774, 1, 4, 32),
(3775, 1, 5, 32),
(3776, 1, 7, 32),
(3777, 1, 8, 32),
(3778, 2, 9, 32),
(3779, 2, 10, 32),
(3780, 1, 11, 32),
(3781, 1, 12, 32),
(3782, 2, 13, 32),
(3783, 1, 14, 32),
(3784, 2, 15, 32),
(3785, 1, 16, 32),
(3786, 2, 17, 32),
(3787, 2, 18, 32),
(3788, 1, 19, 32),
(3789, 2, 20, 32),
(3790, 1, 21, 32),
(3791, 1, 22, 32),
(3792, 2, 23, 32),
(3793, 2, 24, 32),
(3794, 1, 25, 32),
(3795, 1, 26, 32),
(3796, 1, 27, 32),
(3797, 2, 28, 32),
(3798, 1, 29, 32),
(3799, 1, 30, 32),
(3800, 1, 31, 32),
(3801, 1, 32, 32),
(3802, 2, 33, 32),
(3803, 1, 34, 32),
(3804, 2, 35, 32),
(3805, 1, 36, 32),
(3806, 1, 37, 32),
(3807, 1, 38, 32),
(3808, 1, 39, 32),
(3809, 1, 40, 32),
(3810, 1, 41, 32),
(3811, 1, 42, 32),
(3812, 2, 43, 32),
(3813, 1, 44, 32),
(3814, 2, 45, 32),
(3815, 2, 46, 32),
(3816, 1, 47, 32),
(3817, 1, 48, 32),
(3818, 2, 49, 32),
(3819, 1, 50, 32),
(3820, 1, 51, 32),
(3821, 1, 52, 32),
(3822, 1, 53, 32),
(3823, 2, 54, 32),
(3824, 1, 55, 32),
(3825, 1, 56, 32),
(3826, 1, 57, 32),
(3827, 1, 58, 32),
(3828, 1, 59, 32),
(3829, 1, 60, 32),
(3830, 1, 61, 32),
(3831, 1, 62, 32),
(3832, 1, 63, 32),
(3833, 1, 64, 32),
(3834, 2, 65, 32),
(3835, 2, 66, 32),
(3836, 2, 67, 32),
(3837, 2, 68, 32),
(3838, 1, 69, 32),
(3839, 1, 70, 32),
(3840, 2, 71, 32),
(3841, 1, 72, 32),
(3842, 1, 73, 32),
(3843, 1, 74, 32),
(3844, 1, 75, 32),
(3845, 1, 76, 32),
(3846, 2, 77, 32),
(3847, 2, 78, 32),
(3848, 1, 79, 32),
(3849, 1, 80, 32),
(3850, 1, 81, 32),
(3851, 1, 82, 32),
(3852, 1, 83, 32),
(3853, 1, 84, 32),
(3854, 2, 85, 32),
(3855, 1, 86, 32),
(3856, 1, 87, 32),
(3857, 1, 88, 32),
(3858, 1, 89, 32),
(3859, 2, 90, 32),
(3860, 1, 91, 32),
(3861, 1, 92, 32),
(3862, 2, 93, 32),
(3863, 2, 94, 32),
(3864, 1, 95, 32),
(3865, 1, 96, 32),
(3866, 1, 97, 32),
(3867, 2, 98, 32),
(3868, 1, 99, 32),
(3869, 2, 100, 32),
(3870, 1, 101, 32),
(3871, 2, 102, 32),
(3872, 2, 103, 32),
(3873, 1, 104, 32),
(3874, 2, 105, 32),
(3875, 1, 106, 32),
(3876, 1, 1, 17),
(3877, 2, 2, 17),
(3878, 1, 3, 17),
(3879, 1, 4, 17),
(3880, 2, 5, 17),
(3881, 2, 7, 17),
(3882, 2, 8, 17),
(3883, 1, 9, 17),
(3884, 1, 10, 17),
(3885, 1, 11, 17),
(3886, 2, 12, 17),
(3887, 2, 13, 17),
(3888, 1, 14, 17),
(3889, 2, 15, 17),
(3890, 2, 16, 17),
(3891, 1, 17, 17),
(3892, 2, 18, 17),
(3893, 1, 19, 17),
(3894, 1, 20, 17),
(3895, 2, 21, 17),
(3896, 2, 22, 17),
(3897, 2, 23, 17),
(3898, 1, 24, 17),
(3899, 1, 25, 17),
(3900, 2, 26, 17),
(3901, 2, 27, 17),
(3902, 1, 28, 17),
(3903, 2, 29, 17),
(3904, 2, 30, 17),
(3905, 2, 31, 17),
(3906, 1, 32, 17),
(3907, 1, 33, 17),
(3908, 1, 34, 17),
(3909, 1, 35, 17),
(3910, 1, 36, 17),
(3911, 2, 37, 17),
(3912, 1, 38, 17),
(3913, 1, 39, 17),
(3914, 1, 40, 17),
(3915, 2, 41, 17),
(3916, 2, 42, 17),
(3917, 2, 43, 17),
(3918, 1, 44, 17),
(3919, 1, 45, 17),
(3920, 2, 46, 17),
(3921, 2, 47, 17),
(3922, 2, 48, 17),
(3923, 2, 49, 17),
(3924, 2, 50, 17),
(3925, 2, 51, 17),
(3926, 1, 52, 17),
(3927, 2, 53, 17),
(3928, 1, 54, 17),
(3929, 1, 55, 17),
(3930, 2, 56, 17),
(3931, 1, 57, 17),
(3932, 1, 58, 17),
(3933, 1, 59, 17),
(3934, 2, 60, 17),
(3935, 1, 61, 17),
(3936, 2, 62, 17),
(3937, 1, 63, 17),
(3938, 1, 64, 17),
(3939, 1, 65, 17),
(3940, 1, 66, 17),
(3941, 2, 67, 17),
(3942, 2, 68, 17),
(3943, 1, 69, 17),
(3944, 1, 70, 17),
(3945, 1, 71, 17),
(3946, 1, 72, 17),
(3947, 1, 73, 17),
(3948, 1, 74, 17),
(3949, 1, 75, 17),
(3950, 1, 76, 17),
(3951, 1, 77, 17),
(3952, 1, 78, 17),
(3953, 2, 79, 17),
(3954, 2, 80, 17),
(3955, 1, 81, 17),
(3956, 1, 82, 17),
(3957, 1, 83, 17),
(3958, 2, 84, 17),
(3959, 1, 85, 17),
(3960, 2, 86, 17),
(3961, 2, 87, 17),
(3962, 1, 88, 17),
(3963, 2, 89, 17),
(3964, 1, 90, 17),
(3965, 2, 91, 17),
(3966, 2, 92, 17),
(3967, 2, 93, 17),
(3968, 1, 94, 17),
(3969, 1, 95, 17),
(3970, 2, 96, 17),
(3971, 2, 97, 17),
(3972, 2, 98, 17),
(3973, 1, 99, 17),
(3974, 1, 100, 17),
(3975, 1, 101, 17),
(3976, 1, 102, 17),
(3977, 1, 103, 17),
(3978, 2, 104, 17),
(3979, 1, 105, 17),
(3980, 2, 106, 17),
(3981, 2, 1, 11),
(3982, 1, 2, 11),
(3983, 1, 3, 11),
(3984, 2, 4, 11),
(3985, 2, 5, 11),
(3986, 1, 7, 11),
(3987, 1, 8, 11),
(3988, 1, 9, 11),
(3989, 1, 10, 11),
(3990, 2, 11, 11),
(3991, 2, 12, 11),
(3992, 1, 13, 11),
(3993, 1, 14, 11),
(3994, 2, 15, 11),
(3995, 2, 16, 11),
(3996, 1, 17, 11),
(3997, 2, 18, 11),
(3998, 1, 19, 11),
(3999, 2, 20, 11),
(4000, 1, 21, 11),
(4001, 1, 22, 11),
(4002, 1, 23, 11),
(4003, 2, 24, 11),
(4004, 1, 25, 11),
(4005, 1, 26, 11),
(4006, 2, 27, 11),
(4007, 2, 28, 11),
(4008, 1, 29, 11),
(4009, 2, 30, 11),
(4010, 2, 31, 11),
(4011, 1, 32, 11),
(4012, 1, 33, 11),
(4013, 2, 34, 11),
(4014, 1, 35, 11),
(4015, 2, 36, 11),
(4016, 1, 37, 11),
(4017, 2, 38, 11),
(4018, 2, 39, 11),
(4019, 1, 40, 11),
(4020, 2, 41, 11),
(4021, 2, 42, 11),
(4022, 2, 43, 11),
(4023, 1, 44, 11),
(4024, 1, 45, 11),
(4025, 2, 46, 11),
(4026, 2, 47, 11),
(4027, 1, 48, 11),
(4028, 1, 49, 11),
(4029, 1, 50, 11),
(4030, 1, 51, 11),
(4031, 2, 52, 11),
(4032, 2, 53, 11),
(4033, 1, 54, 11),
(4034, 2, 55, 11),
(4035, 1, 56, 11),
(4036, 2, 57, 11),
(4037, 1, 58, 11),
(4038, 1, 59, 11),
(4039, 1, 60, 11),
(4040, 2, 61, 11),
(4041, 2, 62, 11),
(4042, 1, 63, 11),
(4043, 2, 64, 11),
(4044, 2, 65, 11),
(4045, 1, 66, 11),
(4046, 1, 67, 11),
(4047, 1, 68, 11),
(4048, 2, 69, 11),
(4049, 1, 70, 11),
(4050, 1, 71, 11),
(4051, 1, 72, 11),
(4052, 2, 73, 11),
(4053, 1, 74, 11),
(4054, 1, 75, 11),
(4055, 1, 76, 11),
(4056, 1, 77, 11),
(4057, 2, 78, 11),
(4058, 2, 79, 11),
(4059, 1, 80, 11),
(4060, 2, 81, 11),
(4061, 1, 82, 11),
(4062, 2, 83, 11),
(4063, 1, 84, 11),
(4064, 2, 85, 11),
(4065, 2, 86, 11),
(4066, 2, 87, 11),
(4067, 1, 88, 11),
(4068, 2, 89, 11),
(4069, 1, 90, 11),
(4070, 1, 91, 11),
(4071, 2, 92, 11),
(4072, 1, 93, 11),
(4073, 2, 94, 11),
(4074, 2, 95, 11),
(4075, 1, 96, 11),
(4076, 1, 97, 11),
(4077, 2, 98, 11),
(4078, 2, 99, 11),
(4079, 2, 100, 11),
(4080, 2, 101, 11),
(4081, 2, 102, 11),
(4082, 1, 103, 11),
(4083, 2, 104, 11),
(4084, 2, 105, 11),
(4085, 2, 106, 11),
(4086, 1, 1, 41),
(4087, 1, 2, 41),
(4088, 2, 3, 41),
(4089, 2, 4, 41),
(4090, 2, 5, 41),
(4091, 1, 7, 41),
(4092, 2, 8, 41),
(4093, 2, 9, 41),
(4094, 2, 10, 41),
(4095, 2, 11, 41),
(4096, 1, 12, 41),
(4097, 1, 13, 41),
(4098, 2, 14, 41),
(4099, 1, 15, 41),
(4100, 2, 16, 41),
(4101, 1, 17, 41),
(4102, 2, 18, 41),
(4103, 1, 19, 41),
(4104, 2, 20, 41),
(4105, 2, 21, 41),
(4106, 2, 22, 41),
(4107, 2, 23, 41),
(4108, 1, 24, 41),
(4109, 2, 25, 41),
(4110, 2, 26, 41),
(4111, 2, 27, 41),
(4112, 2, 28, 41),
(4113, 1, 29, 41),
(4114, 2, 30, 41),
(4115, 1, 31, 41),
(4116, 1, 32, 41),
(4117, 2, 33, 41),
(4118, 1, 34, 41),
(4119, 2, 35, 41),
(4120, 1, 36, 41),
(4121, 1, 37, 41),
(4122, 1, 38, 41),
(4123, 2, 39, 41),
(4124, 1, 40, 41),
(4125, 2, 41, 41),
(4126, 1, 42, 41),
(4127, 2, 43, 41),
(4128, 1, 44, 41),
(4129, 2, 45, 41),
(4130, 1, 46, 41),
(4131, 1, 47, 41),
(4132, 1, 48, 41),
(4133, 2, 49, 41),
(4134, 2, 50, 41),
(4135, 1, 51, 41),
(4136, 1, 52, 41),
(4137, 1, 53, 41),
(4138, 1, 54, 41),
(4139, 2, 55, 41),
(4140, 2, 56, 41),
(4141, 2, 57, 41),
(4142, 2, 58, 41),
(4143, 1, 59, 41),
(4144, 1, 60, 41),
(4145, 1, 61, 41),
(4146, 1, 62, 41),
(4147, 2, 63, 41),
(4148, 1, 64, 41),
(4149, 2, 65, 41),
(4150, 2, 66, 41),
(4151, 1, 67, 41),
(4152, 2, 68, 41),
(4153, 2, 69, 41),
(4154, 1, 70, 41),
(4155, 2, 71, 41),
(4156, 2, 72, 41),
(4157, 2, 73, 41),
(4158, 1, 74, 41),
(4159, 1, 75, 41),
(4160, 1, 76, 41),
(4161, 2, 77, 41),
(4162, 1, 78, 41),
(4163, 2, 79, 41),
(4164, 2, 80, 41),
(4165, 2, 81, 41),
(4166, 1, 82, 41),
(4167, 1, 83, 41),
(4168, 1, 84, 41),
(4169, 1, 85, 41),
(4170, 2, 86, 41),
(4171, 1, 87, 41),
(4172, 2, 88, 41),
(4173, 2, 89, 41),
(4174, 1, 90, 41),
(4175, 1, 91, 41),
(4176, 1, 92, 41),
(4177, 2, 93, 41),
(4178, 1, 94, 41),
(4179, 2, 95, 41),
(4180, 2, 96, 41),
(4181, 1, 97, 41),
(4182, 1, 98, 41),
(4183, 2, 99, 41),
(4184, 2, 100, 41),
(4185, 1, 101, 41),
(4186, 1, 102, 41),
(4187, 2, 103, 41),
(4188, 2, 104, 41),
(4189, 2, 105, 41),
(4190, 1, 106, 41),
(4191, 1, 1, 42),
(4192, 2, 2, 42),
(4193, 2, 3, 42),
(4194, 2, 4, 42),
(4195, 1, 5, 42),
(4196, 1, 7, 42),
(4197, 1, 8, 42),
(4198, 2, 9, 42),
(4199, 1, 10, 42),
(4200, 2, 11, 42),
(4201, 2, 12, 42),
(4202, 1, 13, 42),
(4203, 2, 14, 42),
(4204, 2, 15, 42),
(4205, 2, 16, 42),
(4206, 2, 17, 42),
(4207, 1, 18, 42),
(4208, 1, 19, 42),
(4209, 1, 20, 42),
(4210, 2, 21, 42),
(4211, 1, 22, 42),
(4212, 1, 23, 42),
(4213, 2, 24, 42),
(4214, 1, 25, 42),
(4215, 2, 26, 42),
(4216, 2, 27, 42),
(4217, 1, 28, 42),
(4218, 2, 29, 42),
(4219, 2, 30, 42),
(4220, 1, 31, 42),
(4221, 2, 32, 42),
(4222, 1, 33, 42),
(4223, 2, 34, 42),
(4224, 1, 35, 42),
(4225, 1, 36, 42),
(4226, 2, 37, 42),
(4227, 1, 38, 42),
(4228, 2, 39, 42),
(4229, 2, 40, 42),
(4230, 1, 41, 42),
(4231, 2, 42, 42),
(4232, 2, 43, 42),
(4233, 2, 44, 42),
(4234, 1, 45, 42),
(4235, 1, 46, 42),
(4236, 1, 47, 42),
(4237, 2, 48, 42),
(4238, 1, 49, 42),
(4239, 1, 50, 42),
(4240, 2, 51, 42),
(4241, 2, 52, 42),
(4242, 2, 53, 42),
(4243, 2, 54, 42),
(4244, 1, 55, 42),
(4245, 2, 56, 42),
(4246, 1, 57, 42),
(4247, 2, 58, 42),
(4248, 2, 59, 42),
(4249, 2, 60, 42),
(4250, 1, 61, 42),
(4251, 2, 62, 42),
(4252, 2, 63, 42),
(4253, 1, 64, 42),
(4254, 1, 65, 42),
(4255, 1, 66, 42),
(4256, 1, 67, 42),
(4257, 2, 68, 42),
(4258, 2, 69, 42),
(4259, 1, 70, 42),
(4260, 2, 71, 42),
(4261, 1, 72, 42),
(4262, 1, 73, 42),
(4263, 2, 74, 42),
(4264, 2, 75, 42),
(4265, 2, 76, 42),
(4266, 2, 77, 42),
(4267, 2, 78, 42),
(4268, 1, 79, 42),
(4269, 1, 80, 42),
(4270, 2, 81, 42),
(4271, 1, 82, 42),
(4272, 1, 83, 42),
(4273, 1, 84, 42),
(4274, 1, 85, 42),
(4275, 1, 86, 42),
(4276, 1, 87, 42),
(4277, 2, 88, 42),
(4278, 2, 89, 42),
(4279, 1, 90, 42),
(4280, 1, 91, 42),
(4281, 1, 92, 42),
(4282, 2, 93, 42),
(4283, 2, 94, 42),
(4284, 1, 95, 42),
(4285, 2, 96, 42),
(4286, 1, 97, 42),
(4287, 1, 98, 42),
(4288, 1, 99, 42),
(4289, 2, 100, 42),
(4290, 2, 101, 42),
(4291, 1, 102, 42),
(4292, 2, 103, 42),
(4293, 2, 104, 42),
(4294, 1, 105, 42),
(4295, 1, 106, 42),
(4296, 1, 1, 19),
(4297, 2, 2, 19),
(4298, 2, 3, 19),
(4299, 1, 4, 19),
(4300, 1, 5, 19),
(4301, 1, 7, 19),
(4302, 2, 8, 19),
(4303, 2, 9, 19),
(4304, 1, 10, 19),
(4305, 2, 11, 19),
(4306, 2, 12, 19),
(4307, 2, 13, 19),
(4308, 1, 14, 19),
(4309, 2, 15, 19),
(4310, 2, 16, 19),
(4311, 1, 17, 19),
(4312, 1, 18, 19),
(4313, 2, 19, 19),
(4314, 1, 20, 19),
(4315, 2, 21, 19),
(4316, 2, 22, 19),
(4317, 1, 23, 19),
(4318, 2, 24, 19),
(4319, 1, 25, 19),
(4320, 2, 26, 19),
(4321, 2, 27, 19),
(4322, 2, 28, 19),
(4323, 1, 29, 19),
(4324, 2, 30, 19),
(4325, 2, 31, 19),
(4326, 1, 32, 19),
(4327, 1, 33, 19),
(4328, 2, 34, 19),
(4329, 1, 35, 19),
(4330, 1, 36, 19),
(4331, 2, 37, 19),
(4332, 1, 38, 19),
(4333, 2, 39, 19),
(4334, 1, 40, 19),
(4335, 2, 41, 19),
(4336, 2, 42, 19),
(4337, 1, 43, 19),
(4338, 1, 44, 19),
(4339, 1, 45, 19),
(4340, 1, 46, 19),
(4341, 2, 47, 19),
(4342, 1, 48, 19),
(4343, 2, 49, 19),
(4344, 2, 50, 19),
(4345, 2, 51, 19),
(4346, 2, 52, 19),
(4347, 2, 53, 19),
(4348, 1, 54, 19),
(4349, 1, 55, 19),
(4350, 2, 56, 19),
(4351, 1, 57, 19),
(4352, 2, 58, 19),
(4353, 1, 59, 19),
(4354, 2, 60, 19),
(4355, 2, 61, 19),
(4356, 2, 62, 19),
(4357, 1, 63, 19),
(4358, 2, 64, 19),
(4359, 1, 65, 19),
(4360, 2, 66, 19),
(4361, 2, 67, 19),
(4362, 2, 68, 19),
(4363, 1, 69, 19),
(4364, 2, 70, 19),
(4365, 2, 71, 19),
(4366, 2, 72, 19),
(4367, 1, 73, 19),
(4368, 2, 74, 19),
(4369, 2, 75, 19),
(4370, 1, 76, 19),
(4371, 2, 77, 19),
(4372, 1, 78, 19),
(4373, 2, 79, 19),
(4374, 1, 80, 19),
(4375, 1, 81, 19),
(4376, 1, 82, 19),
(4377, 2, 83, 19),
(4378, 2, 84, 19),
(4379, 1, 85, 19),
(4380, 2, 86, 19),
(4381, 2, 87, 19),
(4382, 2, 88, 19),
(4383, 2, 89, 19),
(4384, 1, 90, 19),
(4385, 1, 91, 19),
(4386, 1, 92, 19),
(4387, 2, 93, 19),
(4388, 2, 94, 19),
(4389, 2, 95, 19),
(4390, 2, 96, 19),
(4391, 2, 97, 19),
(4392, 1, 98, 19),
(4393, 2, 99, 19),
(4394, 2, 100, 19),
(4395, 1, 101, 19),
(4396, 2, 102, 19),
(4397, 1, 103, 19),
(4398, 2, 104, 19),
(4399, 1, 105, 19),
(4400, 2, 106, 19),
(4401, 1, 1, 2),
(4402, 2, 2, 2),
(4403, 2, 3, 2),
(4404, 2, 4, 2),
(4405, 2, 5, 2),
(4406, 1, 7, 2),
(4407, 1, 8, 2),
(4408, 1, 9, 2),
(4409, 1, 10, 2),
(4410, 2, 11, 2),
(4411, 2, 12, 2),
(4412, 1, 13, 2),
(4413, 1, 14, 2),
(4414, 2, 15, 2),
(4415, 1, 16, 2),
(4416, 1, 17, 2),
(4417, 2, 18, 2),
(4418, 1, 19, 2),
(4419, 2, 20, 2),
(4420, 1, 21, 2),
(4421, 2, 22, 2),
(4422, 1, 23, 2),
(4423, 2, 24, 2),
(4424, 1, 25, 2),
(4425, 2, 26, 2),
(4426, 2, 27, 2),
(4427, 1, 28, 2),
(4428, 1, 29, 2),
(4429, 2, 30, 2),
(4430, 2, 31, 2),
(4431, 2, 32, 2),
(4432, 2, 33, 2),
(4433, 2, 34, 2),
(4434, 2, 35, 2),
(4435, 2, 36, 2),
(4436, 1, 37, 2),
(4437, 2, 38, 2),
(4438, 2, 39, 2),
(4439, 1, 40, 2),
(4440, 2, 41, 2),
(4441, 1, 42, 2),
(4442, 1, 43, 2),
(4443, 2, 44, 2),
(4444, 2, 45, 2),
(4445, 2, 46, 2),
(4446, 2, 47, 2),
(4447, 2, 48, 2),
(4448, 2, 49, 2),
(4449, 1, 50, 2),
(4450, 1, 51, 2),
(4451, 2, 52, 2),
(4452, 2, 53, 2),
(4453, 2, 54, 2),
(4454, 1, 55, 2),
(4455, 1, 56, 2),
(4456, 2, 57, 2),
(4457, 1, 58, 2),
(4458, 1, 59, 2),
(4459, 2, 60, 2),
(4460, 1, 61, 2),
(4461, 2, 62, 2),
(4462, 1, 63, 2),
(4463, 1, 64, 2),
(4464, 1, 65, 2),
(4465, 2, 66, 2),
(4466, 2, 67, 2),
(4467, 1, 68, 2),
(4468, 2, 69, 2),
(4469, 1, 70, 2),
(4470, 1, 71, 2),
(4471, 1, 72, 2),
(4472, 1, 73, 2),
(4473, 2, 74, 2),
(4474, 1, 75, 2),
(4475, 1, 76, 2),
(4476, 1, 77, 2),
(4477, 1, 78, 2),
(4478, 2, 79, 2),
(4479, 2, 80, 2),
(4480, 2, 81, 2),
(4481, 1, 82, 2),
(4482, 1, 83, 2),
(4483, 2, 84, 2),
(4484, 2, 85, 2),
(4485, 2, 86, 2),
(4486, 1, 87, 2),
(4487, 2, 88, 2),
(4488, 2, 89, 2),
(4489, 1, 90, 2),
(4490, 2, 91, 2),
(4491, 1, 92, 2),
(4492, 2, 93, 2),
(4493, 1, 94, 2),
(4494, 2, 95, 2),
(4495, 1, 96, 2),
(4496, 1, 97, 2),
(4497, 1, 98, 2),
(4498, 1, 99, 2),
(4499, 1, 100, 2),
(4500, 2, 101, 2),
(4501, 1, 102, 2),
(4502, 1, 103, 2),
(4503, 2, 104, 2),
(4504, 2, 105, 2),
(4505, 2, 106, 2),
(4506, 1, 1, 13),
(4507, 2, 2, 13),
(4508, 1, 3, 13),
(4509, 1, 4, 13),
(4510, 1, 5, 13),
(4511, 1, 7, 13),
(4512, 1, 8, 13),
(4513, 1, 9, 13),
(4514, 1, 10, 13),
(4515, 2, 11, 13),
(4516, 1, 12, 13),
(4517, 1, 13, 13),
(4518, 2, 14, 13),
(4519, 2, 15, 13),
(4520, 2, 16, 13),
(4521, 2, 17, 13),
(4522, 2, 18, 13),
(4523, 2, 19, 13),
(4524, 2, 20, 13),
(4525, 1, 21, 13),
(4526, 2, 22, 13),
(4527, 1, 23, 13),
(4528, 2, 24, 13),
(4529, 2, 25, 13),
(4530, 2, 26, 13),
(4531, 2, 27, 13),
(4532, 2, 28, 13),
(4533, 1, 29, 13),
(4534, 2, 30, 13),
(4535, 2, 31, 13),
(4536, 1, 32, 13),
(4537, 2, 33, 13),
(4538, 2, 34, 13),
(4539, 2, 35, 13),
(4540, 2, 36, 13),
(4541, 2, 37, 13),
(4542, 2, 38, 13),
(4543, 2, 39, 13),
(4544, 2, 40, 13),
(4545, 2, 41, 13),
(4546, 2, 42, 13),
(4547, 1, 43, 13),
(4548, 2, 44, 13),
(4549, 2, 45, 13),
(4550, 1, 46, 13),
(4551, 2, 47, 13),
(4552, 1, 48, 13),
(4553, 2, 49, 13),
(4554, 2, 50, 13),
(4555, 1, 51, 13),
(4556, 2, 52, 13),
(4557, 1, 53, 13),
(4558, 2, 54, 13),
(4559, 1, 55, 13),
(4560, 2, 56, 13),
(4561, 2, 57, 13),
(4562, 1, 58, 13),
(4563, 1, 59, 13),
(4564, 2, 60, 13),
(4565, 1, 61, 13),
(4566, 2, 62, 13),
(4567, 1, 63, 13),
(4568, 2, 64, 13),
(4569, 2, 65, 13),
(4570, 2, 66, 13),
(4571, 1, 67, 13),
(4572, 1, 68, 13),
(4573, 1, 69, 13),
(4574, 2, 70, 13),
(4575, 2, 71, 13),
(4576, 2, 72, 13),
(4577, 2, 73, 13),
(4578, 2, 74, 13),
(4579, 1, 75, 13),
(4580, 2, 76, 13),
(4581, 2, 77, 13),
(4582, 2, 78, 13),
(4583, 2, 79, 13),
(4584, 2, 80, 13),
(4585, 1, 81, 13),
(4586, 1, 82, 13),
(4587, 1, 83, 13),
(4588, 1, 84, 13),
(4589, 1, 85, 13),
(4590, 2, 86, 13),
(4591, 2, 87, 13),
(4592, 1, 88, 13),
(4593, 1, 89, 13),
(4594, 1, 90, 13),
(4595, 1, 91, 13),
(4596, 1, 92, 13),
(4597, 1, 93, 13),
(4598, 2, 94, 13),
(4599, 2, 95, 13),
(4600, 1, 96, 13),
(4601, 1, 97, 13),
(4602, 1, 98, 13),
(4603, 2, 99, 13),
(4604, 1, 100, 13),
(4605, 2, 101, 13),
(4606, 1, 102, 13),
(4607, 1, 103, 13),
(4608, 1, 104, 13),
(4609, 1, 105, 13),
(4610, 2, 106, 13),
(4611, 2, 1, 14),
(4612, 1, 2, 14),
(4613, 1, 3, 14),
(4614, 1, 4, 14),
(4615, 1, 5, 14),
(4616, 2, 7, 14),
(4617, 2, 8, 14),
(4618, 1, 9, 14),
(4619, 2, 10, 14),
(4620, 1, 11, 14),
(4621, 2, 12, 14),
(4622, 2, 13, 14),
(4623, 2, 14, 14),
(4624, 2, 15, 14),
(4625, 2, 16, 14),
(4626, 1, 17, 14),
(4627, 2, 18, 14),
(4628, 2, 19, 14),
(4629, 2, 20, 14),
(4630, 2, 21, 14),
(4631, 1, 22, 14),
(4632, 1, 23, 14),
(4633, 1, 24, 14),
(4634, 1, 25, 14),
(4635, 2, 26, 14),
(4636, 2, 27, 14),
(4637, 2, 28, 14),
(4638, 1, 29, 14),
(4639, 1, 30, 14),
(4640, 1, 31, 14),
(4641, 2, 32, 14),
(4642, 1, 33, 14),
(4643, 1, 34, 14),
(4644, 1, 35, 14),
(4645, 2, 36, 14),
(4646, 2, 37, 14),
(4647, 2, 38, 14),
(4648, 2, 39, 14),
(4649, 2, 40, 14),
(4650, 1, 41, 14),
(4651, 1, 42, 14),
(4652, 1, 43, 14),
(4653, 2, 44, 14),
(4654, 1, 45, 14),
(4655, 1, 46, 14),
(4656, 1, 47, 14),
(4657, 2, 48, 14),
(4658, 2, 49, 14),
(4659, 1, 50, 14),
(4660, 1, 51, 14),
(4661, 1, 52, 14),
(4662, 2, 53, 14),
(4663, 2, 54, 14),
(4664, 2, 55, 14),
(4665, 1, 56, 14),
(4666, 2, 57, 14),
(4667, 2, 58, 14),
(4668, 1, 59, 14),
(4669, 2, 60, 14),
(4670, 2, 61, 14),
(4671, 1, 62, 14),
(4672, 1, 63, 14),
(4673, 1, 64, 14),
(4674, 2, 65, 14),
(4675, 2, 66, 14),
(4676, 1, 67, 14),
(4677, 2, 68, 14),
(4678, 2, 69, 14),
(4679, 1, 70, 14),
(4680, 1, 71, 14),
(4681, 1, 72, 14),
(4682, 2, 73, 14),
(4683, 1, 74, 14),
(4684, 2, 75, 14),
(4685, 1, 76, 14),
(4686, 1, 77, 14),
(4687, 1, 78, 14),
(4688, 1, 79, 14),
(4689, 2, 80, 14),
(4690, 2, 81, 14),
(4691, 2, 82, 14),
(4692, 2, 83, 14),
(4693, 1, 84, 14),
(4694, 1, 85, 14),
(4695, 1, 86, 14),
(4696, 1, 87, 14),
(4697, 1, 88, 14),
(4698, 1, 89, 14),
(4699, 2, 90, 14),
(4700, 1, 91, 14),
(4701, 1, 92, 14),
(4702, 1, 93, 14),
(4703, 2, 94, 14),
(4704, 2, 95, 14),
(4705, 1, 96, 14),
(4706, 1, 97, 14),
(4707, 2, 98, 14),
(4708, 2, 99, 14),
(4709, 2, 100, 14),
(4710, 2, 101, 14),
(4711, 2, 102, 14),
(4712, 2, 103, 14),
(4713, 1, 104, 14),
(4714, 2, 105, 14),
(4715, 2, 106, 14),
(4716, 2, 1, 40),
(4717, 1, 2, 40),
(4718, 2, 3, 40),
(4719, 2, 4, 40),
(4720, 2, 5, 40),
(4721, 2, 7, 40),
(4722, 1, 8, 40),
(4723, 2, 9, 40),
(4724, 1, 10, 40),
(4725, 2, 11, 40),
(4726, 2, 12, 40),
(4727, 1, 13, 40),
(4728, 2, 14, 40),
(4729, 1, 15, 40),
(4730, 2, 16, 40),
(4731, 2, 17, 40),
(4732, 2, 18, 40),
(4733, 2, 19, 40),
(4734, 2, 20, 40),
(4735, 2, 21, 40),
(4736, 2, 22, 40),
(4737, 1, 23, 40),
(4738, 2, 24, 40),
(4739, 2, 25, 40),
(4740, 2, 26, 40),
(4741, 2, 27, 40),
(4742, 2, 28, 40),
(4743, 1, 29, 40),
(4744, 2, 30, 40),
(4745, 1, 31, 40),
(4746, 1, 32, 40),
(4747, 2, 33, 40),
(4748, 2, 34, 40),
(4749, 1, 35, 40),
(4750, 2, 36, 40),
(4751, 1, 37, 40),
(4752, 1, 38, 40),
(4753, 2, 39, 40),
(4754, 2, 40, 40),
(4755, 1, 41, 40),
(4756, 2, 42, 40),
(4757, 1, 43, 40),
(4758, 1, 44, 40),
(4759, 1, 45, 40),
(4760, 2, 46, 40),
(4761, 1, 47, 40),
(4762, 1, 48, 40),
(4763, 1, 49, 40),
(4764, 2, 50, 40),
(4765, 1, 51, 40),
(4766, 1, 52, 40),
(4767, 2, 53, 40),
(4768, 1, 54, 40),
(4769, 1, 55, 40),
(4770, 2, 56, 40),
(4771, 2, 57, 40),
(4772, 2, 58, 40),
(4773, 2, 59, 40),
(4774, 1, 60, 40),
(4775, 1, 61, 40),
(4776, 2, 62, 40),
(4777, 1, 63, 40),
(4778, 1, 64, 40),
(4779, 1, 65, 40),
(4780, 2, 66, 40),
(4781, 1, 67, 40),
(4782, 2, 68, 40),
(4783, 1, 69, 40),
(4784, 2, 70, 40),
(4785, 1, 71, 40),
(4786, 1, 72, 40),
(4787, 2, 73, 40),
(4788, 2, 74, 40),
(4789, 1, 75, 40),
(4790, 2, 76, 40),
(4791, 1, 77, 40),
(4792, 1, 78, 40),
(4793, 2, 79, 40),
(4794, 1, 80, 40),
(4795, 2, 81, 40),
(4796, 1, 82, 40),
(4797, 1, 83, 40),
(4798, 2, 84, 40),
(4799, 2, 85, 40),
(4800, 2, 86, 40),
(4801, 2, 87, 40),
(4802, 1, 88, 40),
(4803, 1, 89, 40),
(4804, 2, 90, 40),
(4805, 2, 91, 40),
(4806, 1, 92, 40),
(4807, 1, 93, 40),
(4808, 2, 94, 40),
(4809, 1, 95, 40),
(4810, 2, 96, 40),
(4811, 2, 97, 40),
(4812, 2, 98, 40),
(4813, 2, 99, 40),
(4814, 2, 100, 40),
(4815, 2, 101, 40),
(4816, 2, 102, 40),
(4817, 1, 103, 40),
(4818, 1, 104, 40),
(4819, 1, 105, 40),
(4820, 2, 106, 40),
(4821, 1, 1, 44),
(4822, 2, 2, 44),
(4823, 1, 3, 44),
(4824, 2, 4, 44),
(4825, 1, 5, 44),
(4826, 2, 7, 44),
(4827, 2, 8, 44),
(4828, 2, 9, 44),
(4829, 2, 10, 44),
(4830, 1, 11, 44),
(4831, 1, 12, 44),
(4832, 1, 13, 44),
(4833, 1, 14, 44),
(4834, 2, 15, 44),
(4835, 1, 16, 44),
(4836, 1, 17, 44),
(4837, 1, 18, 44),
(4838, 2, 19, 44),
(4839, 2, 20, 44),
(4840, 2, 21, 44),
(4841, 2, 22, 44),
(4842, 2, 23, 44),
(4843, 2, 24, 44),
(4844, 2, 25, 44),
(4845, 2, 26, 44),
(4846, 2, 27, 44),
(4847, 2, 28, 44),
(4848, 1, 29, 44),
(4849, 1, 30, 44),
(4850, 1, 31, 44),
(4851, 1, 32, 44),
(4852, 2, 33, 44),
(4853, 2, 34, 44),
(4854, 1, 35, 44),
(4855, 2, 36, 44),
(4856, 2, 37, 44),
(4857, 1, 38, 44),
(4858, 1, 39, 44),
(4859, 1, 40, 44),
(4860, 1, 41, 44),
(4861, 1, 42, 44),
(4862, 2, 43, 44),
(4863, 2, 44, 44),
(4864, 1, 45, 44),
(4865, 2, 46, 44),
(4866, 1, 47, 44),
(4867, 1, 48, 44),
(4868, 1, 49, 44),
(4869, 2, 50, 44),
(4870, 1, 51, 44),
(4871, 1, 52, 44),
(4872, 2, 53, 44),
(4873, 2, 54, 44),
(4874, 2, 55, 44),
(4875, 1, 56, 44),
(4876, 2, 57, 44),
(4877, 1, 58, 44),
(4878, 2, 59, 44),
(4879, 1, 60, 44),
(4880, 1, 61, 44),
(4881, 2, 62, 44),
(4882, 2, 63, 44),
(4883, 1, 64, 44),
(4884, 2, 65, 44),
(4885, 1, 66, 44),
(4886, 1, 67, 44),
(4887, 2, 68, 44),
(4888, 2, 69, 44),
(4889, 1, 70, 44),
(4890, 2, 71, 44),
(4891, 2, 72, 44),
(4892, 2, 73, 44),
(4893, 2, 74, 44),
(4894, 2, 75, 44),
(4895, 2, 76, 44),
(4896, 2, 77, 44),
(4897, 1, 78, 44),
(4898, 2, 79, 44),
(4899, 2, 80, 44),
(4900, 1, 81, 44),
(4901, 1, 82, 44),
(4902, 1, 83, 44),
(4903, 2, 84, 44),
(4904, 1, 85, 44),
(4905, 2, 86, 44),
(4906, 2, 87, 44),
(4907, 2, 88, 44),
(4908, 1, 89, 44),
(4909, 1, 90, 44),
(4910, 1, 91, 44),
(4911, 2, 92, 44),
(4912, 1, 93, 44),
(4913, 2, 94, 44),
(4914, 2, 95, 44),
(4915, 2, 96, 44),
(4916, 1, 97, 44),
(4917, 2, 98, 44),
(4918, 1, 99, 44),
(4919, 1, 100, 44),
(4920, 2, 101, 44),
(4921, 2, 102, 44),
(4922, 1, 103, 44),
(4923, 1, 104, 44),
(4924, 2, 105, 44),
(4925, 1, 106, 44),
(4926, 1, 1, 12),
(4927, 2, 2, 12),
(4928, 1, 3, 12),
(4929, 2, 4, 12),
(4930, 1, 5, 12),
(4931, 1, 7, 12),
(4932, 2, 8, 12),
(4933, 2, 9, 12),
(4934, 2, 10, 12),
(4935, 2, 11, 12),
(4936, 1, 12, 12),
(4937, 1, 13, 12),
(4938, 2, 14, 12),
(4939, 1, 15, 12),
(4940, 2, 16, 12),
(4941, 1, 17, 12),
(4942, 1, 18, 12),
(4943, 2, 19, 12),
(4944, 2, 20, 12),
(4945, 2, 21, 12),
(4946, 2, 22, 12),
(4947, 2, 23, 12),
(4948, 1, 24, 12),
(4949, 1, 25, 12),
(4950, 2, 26, 12),
(4951, 1, 27, 12),
(4952, 1, 28, 12),
(4953, 2, 29, 12),
(4954, 1, 30, 12),
(4955, 2, 31, 12),
(4956, 2, 32, 12),
(4957, 1, 33, 12),
(4958, 2, 34, 12),
(4959, 1, 35, 12),
(4960, 2, 36, 12),
(4961, 1, 37, 12),
(4962, 1, 38, 12),
(4963, 1, 39, 12),
(4964, 2, 40, 12),
(4965, 2, 41, 12),
(4966, 2, 42, 12),
(4967, 1, 43, 12),
(4968, 2, 44, 12),
(4969, 1, 45, 12),
(4970, 1, 46, 12),
(4971, 2, 47, 12),
(4972, 1, 48, 12),
(4973, 1, 49, 12),
(4974, 1, 50, 12),
(4975, 2, 51, 12),
(4976, 1, 52, 12),
(4977, 1, 53, 12),
(4978, 2, 54, 12),
(4979, 2, 55, 12),
(4980, 1, 56, 12),
(4981, 2, 57, 12),
(4982, 2, 58, 12),
(4983, 1, 59, 12),
(4984, 2, 60, 12),
(4985, 1, 61, 12),
(4986, 2, 62, 12),
(4987, 1, 63, 12),
(4988, 2, 64, 12),
(4989, 2, 65, 12),
(4990, 1, 66, 12),
(4991, 2, 67, 12),
(4992, 1, 68, 12),
(4993, 2, 69, 12),
(4994, 2, 70, 12),
(4995, 1, 71, 12),
(4996, 2, 72, 12),
(4997, 1, 73, 12),
(4998, 2, 74, 12),
(4999, 1, 75, 12),
(5000, 2, 76, 12),
(5001, 2, 77, 12),
(5002, 1, 78, 12),
(5003, 2, 79, 12),
(5004, 2, 80, 12),
(5005, 1, 81, 12),
(5006, 2, 82, 12),
(5007, 1, 83, 12),
(5008, 1, 84, 12),
(5009, 1, 85, 12),
(5010, 1, 86, 12),
(5011, 1, 87, 12),
(5012, 1, 88, 12),
(5013, 1, 89, 12),
(5014, 2, 90, 12),
(5015, 2, 91, 12),
(5016, 2, 92, 12),
(5017, 2, 93, 12),
(5018, 1, 94, 12),
(5019, 1, 95, 12),
(5020, 1, 96, 12),
(5021, 1, 97, 12),
(5022, 1, 98, 12),
(5023, 2, 99, 12),
(5024, 1, 100, 12),
(5025, 2, 101, 12),
(5026, 1, 102, 12),
(5027, 2, 103, 12),
(5028, 1, 104, 12),
(5029, 1, 105, 12),
(5030, 1, 106, 12),
(5031, 1, 1, 30),
(5032, 1, 2, 30),
(5033, 2, 3, 30),
(5034, 1, 4, 30),
(5035, 2, 5, 30),
(5036, 2, 7, 30),
(5037, 1, 8, 30),
(5038, 1, 9, 30),
(5039, 2, 10, 30),
(5040, 1, 11, 30),
(5041, 2, 12, 30),
(5042, 2, 13, 30),
(5043, 1, 14, 30),
(5044, 1, 15, 30),
(5045, 1, 16, 30),
(5046, 1, 17, 30),
(5047, 1, 18, 30),
(5048, 2, 19, 30),
(5049, 1, 20, 30),
(5050, 2, 21, 30),
(5051, 1, 22, 30),
(5052, 2, 23, 30),
(5053, 2, 24, 30),
(5054, 1, 25, 30),
(5055, 1, 26, 30),
(5056, 2, 27, 30),
(5057, 2, 28, 30),
(5058, 2, 29, 30),
(5059, 2, 30, 30),
(5060, 1, 31, 30),
(5061, 2, 32, 30),
(5062, 1, 33, 30),
(5063, 2, 34, 30),
(5064, 2, 35, 30),
(5065, 2, 36, 30),
(5066, 1, 37, 30),
(5067, 2, 38, 30),
(5068, 2, 39, 30),
(5069, 2, 40, 30),
(5070, 2, 41, 30),
(5071, 2, 42, 30),
(5072, 1, 43, 30),
(5073, 1, 44, 30),
(5074, 1, 45, 30),
(5075, 2, 46, 30),
(5076, 1, 47, 30),
(5077, 1, 48, 30),
(5078, 1, 49, 30),
(5079, 1, 50, 30),
(5080, 2, 51, 30),
(5081, 2, 52, 30),
(5082, 1, 53, 30),
(5083, 2, 54, 30),
(5084, 1, 55, 30),
(5085, 1, 56, 30),
(5086, 2, 57, 30),
(5087, 2, 58, 30),
(5088, 2, 59, 30),
(5089, 1, 60, 30),
(5090, 2, 61, 30),
(5091, 2, 62, 30),
(5092, 2, 63, 30),
(5093, 2, 64, 30),
(5094, 2, 65, 30),
(5095, 2, 66, 30),
(5096, 1, 67, 30),
(5097, 1, 68, 30),
(5098, 1, 69, 30),
(5099, 1, 70, 30),
(5100, 1, 71, 30),
(5101, 1, 72, 30),
(5102, 2, 73, 30),
(5103, 2, 74, 30),
(5104, 1, 75, 30),
(5105, 1, 76, 30),
(5106, 2, 77, 30),
(5107, 1, 78, 30),
(5108, 1, 79, 30),
(5109, 2, 80, 30),
(5110, 2, 81, 30),
(5111, 2, 82, 30),
(5112, 1, 83, 30),
(5113, 1, 84, 30),
(5114, 1, 85, 30),
(5115, 2, 86, 30),
(5116, 1, 87, 30),
(5117, 2, 88, 30),
(5118, 2, 89, 30),
(5119, 2, 90, 30),
(5120, 1, 91, 30),
(5121, 2, 92, 30),
(5122, 2, 93, 30),
(5123, 2, 94, 30),
(5124, 2, 95, 30),
(5125, 1, 96, 30),
(5126, 1, 97, 30),
(5127, 1, 98, 30),
(5128, 1, 99, 30),
(5129, 2, 100, 30),
(5130, 1, 101, 30),
(5131, 2, 102, 30),
(5132, 2, 103, 30),
(5133, 2, 104, 30),
(5134, 1, 105, 30),
(5135, 2, 106, 30),
(5136, 1, 1, 31),
(5137, 2, 2, 31),
(5138, 1, 3, 31),
(5139, 2, 4, 31),
(5140, 2, 5, 31),
(5141, 1, 7, 31),
(5142, 2, 8, 31),
(5143, 2, 9, 31),
(5144, 1, 10, 31),
(5145, 2, 11, 31),
(5146, 1, 12, 31),
(5147, 2, 13, 31),
(5148, 2, 14, 31),
(5149, 2, 15, 31),
(5150, 1, 16, 31),
(5151, 2, 17, 31),
(5152, 1, 18, 31),
(5153, 2, 19, 31),
(5154, 2, 20, 31),
(5155, 2, 21, 31),
(5156, 2, 22, 31),
(5157, 1, 23, 31),
(5158, 1, 24, 31),
(5159, 1, 25, 31),
(5160, 1, 26, 31),
(5161, 1, 27, 31),
(5162, 2, 28, 31),
(5163, 2, 29, 31),
(5164, 2, 30, 31),
(5165, 2, 31, 31),
(5166, 2, 32, 31),
(5167, 1, 33, 31),
(5168, 2, 34, 31),
(5169, 1, 35, 31),
(5170, 2, 36, 31),
(5171, 2, 37, 31),
(5172, 1, 38, 31),
(5173, 1, 39, 31),
(5174, 2, 40, 31),
(5175, 1, 41, 31),
(5176, 1, 42, 31),
(5177, 2, 43, 31),
(5178, 2, 44, 31),
(5179, 1, 45, 31),
(5180, 2, 46, 31),
(5181, 1, 47, 31),
(5182, 2, 48, 31),
(5183, 2, 49, 31),
(5184, 2, 50, 31),
(5185, 2, 51, 31),
(5186, 2, 52, 31),
(5187, 2, 53, 31),
(5188, 1, 54, 31),
(5189, 2, 55, 31),
(5190, 1, 56, 31),
(5191, 2, 57, 31),
(5192, 1, 58, 31),
(5193, 1, 59, 31),
(5194, 2, 60, 31),
(5195, 2, 61, 31),
(5196, 2, 62, 31),
(5197, 2, 63, 31),
(5198, 2, 64, 31),
(5199, 2, 65, 31),
(5200, 1, 66, 31),
(5201, 2, 67, 31),
(5202, 2, 68, 31),
(5203, 1, 69, 31),
(5204, 1, 70, 31),
(5205, 2, 71, 31),
(5206, 1, 72, 31),
(5207, 1, 73, 31),
(5208, 2, 74, 31),
(5209, 1, 75, 31),
(5210, 1, 76, 31),
(5211, 2, 77, 31),
(5212, 2, 78, 31),
(5213, 1, 79, 31),
(5214, 1, 80, 31),
(5215, 2, 81, 31),
(5216, 1, 82, 31),
(5217, 2, 83, 31),
(5218, 1, 84, 31),
(5219, 2, 85, 31),
(5220, 1, 86, 31),
(5221, 1, 87, 31),
(5222, 2, 88, 31),
(5223, 2, 89, 31),
(5224, 1, 90, 31),
(5225, 1, 91, 31),
(5226, 2, 92, 31),
(5227, 2, 93, 31),
(5228, 1, 94, 31),
(5229, 2, 95, 31),
(5230, 1, 96, 31),
(5231, 1, 97, 31),
(5232, 1, 98, 31),
(5233, 2, 99, 31),
(5234, 2, 100, 31),
(5235, 1, 101, 31),
(5236, 2, 102, 31),
(5237, 2, 103, 31),
(5238, 2, 104, 31),
(5239, 1, 105, 31),
(5240, 2, 106, 31),
(5241, 1, 1, 43),
(5242, 2, 2, 43),
(5243, 2, 3, 43),
(5244, 1, 4, 43),
(5245, 2, 5, 43),
(5246, 2, 7, 43),
(5247, 2, 8, 43),
(5248, 2, 9, 43),
(5249, 1, 10, 43),
(5250, 1, 11, 43),
(5251, 1, 12, 43),
(5252, 1, 13, 43),
(5253, 1, 14, 43),
(5254, 2, 15, 43),
(5255, 1, 16, 43),
(5256, 2, 17, 43),
(5257, 1, 18, 43),
(5258, 2, 19, 43),
(5259, 2, 20, 43),
(5260, 1, 21, 43),
(5261, 1, 22, 43),
(5262, 1, 23, 43),
(5263, 1, 24, 43),
(5264, 2, 25, 43),
(5265, 1, 26, 43),
(5266, 1, 27, 43),
(5267, 1, 28, 43),
(5268, 1, 29, 43),
(5269, 2, 30, 43),
(5270, 1, 31, 43),
(5271, 2, 32, 43),
(5272, 1, 33, 43),
(5273, 2, 34, 43),
(5274, 1, 35, 43),
(5275, 1, 36, 43),
(5276, 2, 37, 43),
(5277, 2, 38, 43),
(5278, 1, 39, 43),
(5279, 2, 40, 43),
(5280, 2, 41, 43),
(5281, 1, 42, 43),
(5282, 2, 43, 43),
(5283, 2, 44, 43),
(5284, 2, 45, 43),
(5285, 1, 46, 43),
(5286, 2, 47, 43),
(5287, 2, 48, 43),
(5288, 1, 49, 43),
(5289, 1, 50, 43),
(5290, 2, 51, 43),
(5291, 2, 52, 43),
(5292, 1, 53, 43),
(5293, 1, 54, 43),
(5294, 2, 55, 43),
(5295, 2, 56, 43),
(5296, 1, 57, 43),
(5297, 1, 58, 43),
(5298, 2, 59, 43),
(5299, 1, 60, 43),
(5300, 1, 61, 43),
(5301, 2, 62, 43),
(5302, 1, 63, 43),
(5303, 2, 64, 43),
(5304, 1, 65, 43),
(5305, 2, 66, 43),
(5306, 2, 67, 43),
(5307, 2, 68, 43),
(5308, 1, 69, 43),
(5309, 2, 70, 43),
(5310, 1, 71, 43),
(5311, 1, 72, 43),
(5312, 2, 73, 43),
(5313, 1, 74, 43),
(5314, 2, 75, 43),
(5315, 2, 76, 43),
(5316, 1, 77, 43),
(5317, 1, 78, 43),
(5318, 2, 79, 43),
(5319, 2, 80, 43),
(5320, 1, 81, 43),
(5321, 1, 82, 43),
(5322, 1, 83, 43),
(5323, 2, 84, 43),
(5324, 2, 85, 43),
(5325, 1, 86, 43),
(5326, 2, 87, 43),
(5327, 1, 88, 43),
(5328, 1, 89, 43),
(5329, 1, 90, 43),
(5330, 2, 91, 43),
(5331, 1, 92, 43),
(5332, 1, 93, 43),
(5333, 2, 94, 43),
(5334, 2, 95, 43),
(5335, 2, 96, 43),
(5336, 2, 97, 43),
(5337, 1, 98, 43),
(5338, 2, 99, 43),
(5339, 2, 100, 43),
(5340, 1, 101, 43),
(5341, 2, 102, 43),
(5342, 2, 103, 43),
(5343, 2, 104, 43),
(5344, 1, 105, 43),
(5345, 2, 106, 43),
(5346, 1, 1, 34),
(5347, 1, 2, 34),
(5348, 2, 3, 34),
(5349, 1, 4, 34),
(5350, 1, 5, 34),
(5351, 2, 7, 34),
(5352, 2, 8, 34),
(5353, 2, 9, 34),
(5354, 1, 10, 34),
(5355, 1, 11, 34),
(5356, 2, 12, 34),
(5357, 2, 13, 34),
(5358, 1, 14, 34),
(5359, 1, 15, 34),
(5360, 1, 16, 34),
(5361, 1, 17, 34),
(5362, 2, 18, 34),
(5363, 2, 19, 34),
(5364, 2, 20, 34),
(5365, 2, 21, 34),
(5366, 1, 22, 34),
(5367, 2, 23, 34),
(5368, 2, 24, 34),
(5369, 2, 25, 34),
(5370, 1, 26, 34),
(5371, 2, 27, 34),
(5372, 1, 28, 34),
(5373, 1, 29, 34),
(5374, 2, 30, 34),
(5375, 2, 31, 34),
(5376, 2, 32, 34),
(5377, 2, 33, 34),
(5378, 2, 34, 34),
(5379, 2, 35, 34),
(5380, 1, 36, 34),
(5381, 2, 37, 34),
(5382, 2, 38, 34),
(5383, 1, 39, 34),
(5384, 2, 40, 34),
(5385, 2, 41, 34),
(5386, 1, 42, 34),
(5387, 2, 43, 34),
(5388, 2, 44, 34),
(5389, 2, 45, 34),
(5390, 1, 46, 34),
(5391, 1, 47, 34),
(5392, 1, 48, 34),
(5393, 2, 49, 34),
(5394, 2, 50, 34),
(5395, 1, 51, 34),
(5396, 2, 52, 34),
(5397, 1, 53, 34),
(5398, 2, 54, 34),
(5399, 2, 55, 34),
(5400, 1, 56, 34),
(5401, 1, 57, 34),
(5402, 2, 58, 34),
(5403, 2, 59, 34),
(5404, 2, 60, 34),
(5405, 1, 61, 34),
(5406, 2, 62, 34),
(5407, 2, 63, 34),
(5408, 2, 64, 34),
(5409, 1, 65, 34),
(5410, 2, 66, 34),
(5411, 1, 67, 34),
(5412, 1, 68, 34),
(5413, 2, 69, 34),
(5414, 1, 70, 34),
(5415, 1, 71, 34),
(5416, 2, 72, 34),
(5417, 2, 73, 34),
(5418, 1, 74, 34),
(5419, 2, 75, 34),
(5420, 1, 76, 34),
(5421, 1, 77, 34),
(5422, 1, 78, 34),
(5423, 2, 79, 34),
(5424, 1, 80, 34),
(5425, 2, 81, 34),
(5426, 1, 82, 34),
(5427, 1, 83, 34),
(5428, 1, 84, 34),
(5429, 2, 85, 34),
(5430, 2, 86, 34),
(5431, 1, 87, 34),
(5432, 1, 88, 34),
(5433, 1, 89, 34),
(5434, 2, 90, 34),
(5435, 1, 91, 34),
(5436, 1, 92, 34),
(5437, 2, 93, 34),
(5438, 1, 94, 34),
(5439, 2, 95, 34),
(5440, 2, 96, 34),
(5441, 2, 97, 34),
(5442, 2, 98, 34),
(5443, 1, 99, 34),
(5444, 1, 100, 34),
(5445, 1, 101, 34),
(5446, 2, 102, 34),
(5447, 1, 103, 34),
(5448, 2, 104, 34),
(5449, 1, 105, 34),
(5450, 2, 106, 34),
(5451, 2, 1, 47),
(5452, 2, 2, 47),
(5453, 2, 3, 47),
(5454, 1, 4, 47),
(5455, 1, 5, 47),
(5456, 2, 7, 47),
(5457, 2, 8, 47),
(5458, 1, 9, 47),
(5459, 1, 10, 47),
(5460, 1, 11, 47),
(5461, 2, 12, 47),
(5462, 2, 13, 47),
(5463, 2, 14, 47),
(5464, 2, 15, 47),
(5465, 1, 16, 47),
(5466, 2, 17, 47),
(5467, 1, 18, 47),
(5468, 2, 19, 47),
(5469, 2, 20, 47),
(5470, 2, 21, 47),
(5471, 2, 22, 47),
(5472, 2, 23, 47),
(5473, 1, 24, 47),
(5474, 2, 25, 47),
(5475, 1, 26, 47),
(5476, 1, 27, 47),
(5477, 2, 28, 47),
(5478, 1, 29, 47),
(5479, 1, 30, 47),
(5480, 2, 31, 47),
(5481, 2, 32, 47),
(5482, 1, 33, 47),
(5483, 1, 34, 47),
(5484, 2, 35, 47),
(5485, 2, 36, 47),
(5486, 2, 37, 47),
(5487, 1, 38, 47),
(5488, 1, 39, 47),
(5489, 2, 40, 47),
(5490, 2, 41, 47),
(5491, 1, 42, 47),
(5492, 1, 43, 47),
(5493, 2, 44, 47),
(5494, 1, 45, 47),
(5495, 1, 46, 47),
(5496, 1, 47, 47),
(5497, 2, 48, 47),
(5498, 1, 49, 47),
(5499, 2, 50, 47),
(5500, 2, 51, 47),
(5501, 1, 52, 47),
(5502, 2, 53, 47),
(5503, 1, 54, 47),
(5504, 1, 55, 47),
(5505, 2, 56, 47),
(5506, 1, 57, 47),
(5507, 2, 58, 47),
(5508, 1, 59, 47),
(5509, 1, 60, 47),
(5510, 2, 61, 47),
(5511, 2, 62, 47),
(5512, 2, 63, 47),
(5513, 2, 64, 47),
(5514, 2, 65, 47),
(5515, 2, 66, 47),
(5516, 1, 67, 47),
(5517, 1, 68, 47),
(5518, 1, 69, 47),
(5519, 1, 70, 47),
(5520, 2, 71, 47),
(5521, 2, 72, 47),
(5522, 1, 73, 47),
(5523, 1, 74, 47),
(5524, 1, 75, 47),
(5525, 1, 76, 47),
(5526, 1, 77, 47),
(5527, 2, 78, 47),
(5528, 2, 79, 47),
(5529, 2, 80, 47),
(5530, 2, 81, 47),
(5531, 2, 82, 47),
(5532, 1, 83, 47),
(5533, 2, 84, 47),
(5534, 1, 85, 47),
(5535, 1, 86, 47),
(5536, 2, 87, 47),
(5537, 1, 88, 47),
(5538, 2, 89, 47),
(5539, 1, 90, 47),
(5540, 1, 91, 47),
(5541, 2, 92, 47),
(5542, 2, 93, 47),
(5543, 1, 94, 47),
(5544, 2, 95, 47),
(5545, 1, 96, 47),
(5546, 1, 97, 47),
(5547, 1, 98, 47),
(5548, 1, 99, 47),
(5549, 1, 100, 47),
(5550, 2, 101, 47),
(5551, 1, 102, 47),
(5552, 1, 103, 47),
(5553, 1, 104, 47),
(5554, 2, 105, 47),
(5555, 2, 106, 47),
(5556, 2, 1, 35),
(5557, 1, 2, 35),
(5558, 1, 3, 35),
(5559, 2, 4, 35),
(5560, 2, 5, 35),
(5561, 2, 7, 35),
(5562, 1, 8, 35),
(5563, 2, 9, 35),
(5564, 1, 10, 35),
(5565, 2, 11, 35),
(5566, 2, 12, 35),
(5567, 2, 13, 35),
(5568, 1, 14, 35),
(5569, 2, 15, 35),
(5570, 1, 16, 35),
(5571, 2, 17, 35),
(5572, 2, 18, 35),
(5573, 2, 19, 35),
(5574, 2, 20, 35),
(5575, 2, 21, 35),
(5576, 1, 22, 35),
(5577, 2, 23, 35),
(5578, 1, 24, 35),
(5579, 1, 25, 35),
(5580, 2, 26, 35),
(5581, 2, 27, 35),
(5582, 2, 28, 35),
(5583, 1, 29, 35),
(5584, 1, 30, 35),
(5585, 1, 31, 35),
(5586, 1, 32, 35),
(5587, 1, 33, 35),
(5588, 1, 34, 35),
(5589, 1, 35, 35),
(5590, 1, 36, 35),
(5591, 1, 37, 35),
(5592, 1, 38, 35),
(5593, 2, 39, 35),
(5594, 1, 40, 35),
(5595, 2, 41, 35),
(5596, 2, 42, 35),
(5597, 1, 43, 35),
(5598, 2, 44, 35),
(5599, 1, 45, 35),
(5600, 1, 46, 35),
(5601, 2, 47, 35),
(5602, 1, 48, 35),
(5603, 2, 49, 35),
(5604, 2, 50, 35),
(5605, 2, 51, 35),
(5606, 1, 52, 35),
(5607, 1, 53, 35),
(5608, 2, 54, 35),
(5609, 2, 55, 35),
(5610, 2, 56, 35),
(5611, 2, 57, 35),
(5612, 1, 58, 35),
(5613, 1, 59, 35),
(5614, 1, 60, 35),
(5615, 1, 61, 35),
(5616, 2, 62, 35),
(5617, 1, 63, 35),
(5618, 2, 64, 35),
(5619, 1, 65, 35),
(5620, 1, 66, 35),
(5621, 1, 67, 35),
(5622, 2, 68, 35),
(5623, 1, 69, 35),
(5624, 2, 70, 35),
(5625, 1, 71, 35),
(5626, 2, 72, 35),
(5627, 2, 73, 35),
(5628, 2, 74, 35),
(5629, 1, 75, 35),
(5630, 2, 76, 35),
(5631, 1, 77, 35),
(5632, 2, 78, 35),
(5633, 2, 79, 35),
(5634, 2, 80, 35),
(5635, 2, 81, 35),
(5636, 1, 82, 35),
(5637, 2, 83, 35),
(5638, 2, 84, 35),
(5639, 2, 85, 35),
(5640, 2, 86, 35),
(5641, 1, 87, 35),
(5642, 1, 88, 35),
(5643, 1, 89, 35),
(5644, 1, 90, 35),
(5645, 1, 91, 35),
(5646, 2, 92, 35),
(5647, 2, 93, 35),
(5648, 1, 94, 35),
(5649, 2, 95, 35),
(5650, 1, 96, 35),
(5651, 1, 97, 35),
(5652, 2, 98, 35),
(5653, 1, 99, 35),
(5654, 1, 100, 35),
(5655, 1, 101, 35),
(5656, 1, 102, 35),
(5657, 1, 103, 35),
(5658, 1, 104, 35),
(5659, 1, 105, 35),
(5660, 1, 106, 35),
(5661, 1, 1, 8),
(5662, 2, 2, 8),
(5663, 1, 3, 8),
(5664, 2, 4, 8),
(5665, 1, 5, 8),
(5666, 2, 7, 8),
(5667, 2, 8, 8),
(5668, 2, 9, 8),
(5669, 1, 10, 8),
(5670, 1, 11, 8),
(5671, 1, 12, 8),
(5672, 2, 13, 8),
(5673, 2, 14, 8),
(5674, 2, 15, 8),
(5675, 2, 16, 8),
(5676, 1, 17, 8),
(5677, 1, 18, 8),
(5678, 1, 19, 8),
(5679, 2, 20, 8),
(5680, 2, 21, 8),
(5681, 1, 22, 8),
(5682, 1, 23, 8),
(5683, 2, 24, 8),
(5684, 1, 25, 8),
(5685, 1, 26, 8),
(5686, 1, 27, 8),
(5687, 2, 28, 8),
(5688, 1, 29, 8),
(5689, 2, 30, 8),
(5690, 2, 31, 8),
(5691, 1, 32, 8),
(5692, 1, 33, 8),
(5693, 2, 34, 8),
(5694, 2, 35, 8),
(5695, 2, 36, 8),
(5696, 2, 37, 8),
(5697, 2, 38, 8),
(5698, 1, 39, 8),
(5699, 2, 40, 8),
(5700, 2, 41, 8),
(5701, 2, 42, 8),
(5702, 2, 43, 8),
(5703, 2, 44, 8),
(5704, 2, 45, 8),
(5705, 1, 46, 8),
(5706, 1, 47, 8),
(5707, 2, 48, 8),
(5708, 1, 49, 8),
(5709, 2, 50, 8),
(5710, 2, 51, 8),
(5711, 2, 52, 8),
(5712, 2, 53, 8),
(5713, 1, 54, 8),
(5714, 2, 55, 8),
(5715, 2, 56, 8),
(5716, 2, 57, 8),
(5717, 1, 58, 8),
(5718, 2, 59, 8),
(5719, 2, 60, 8),
(5720, 1, 61, 8),
(5721, 2, 62, 8),
(5722, 1, 63, 8),
(5723, 2, 64, 8),
(5724, 1, 65, 8),
(5725, 1, 66, 8),
(5726, 2, 67, 8),
(5727, 2, 68, 8),
(5728, 1, 69, 8),
(5729, 2, 70, 8),
(5730, 2, 71, 8),
(5731, 1, 72, 8),
(5732, 2, 73, 8),
(5733, 1, 74, 8),
(5734, 1, 75, 8),
(5735, 2, 76, 8),
(5736, 1, 77, 8),
(5737, 2, 78, 8),
(5738, 2, 79, 8),
(5739, 2, 80, 8),
(5740, 1, 81, 8),
(5741, 2, 82, 8),
(5742, 1, 83, 8),
(5743, 2, 84, 8),
(5744, 2, 85, 8),
(5745, 1, 86, 8),
(5746, 1, 87, 8),
(5747, 1, 88, 8),
(5748, 1, 89, 8),
(5749, 2, 90, 8),
(5750, 2, 91, 8),
(5751, 1, 92, 8),
(5752, 2, 93, 8),
(5753, 2, 94, 8),
(5754, 2, 95, 8),
(5755, 1, 96, 8),
(5756, 1, 97, 8),
(5757, 2, 98, 8),
(5758, 2, 99, 8),
(5759, 2, 100, 8),
(5760, 1, 101, 8),
(5761, 1, 102, 8),
(5762, 1, 103, 8),
(5763, 1, 104, 8),
(5764, 2, 105, 8),
(5765, 2, 106, 8),
(5766, 2, 1, 33),
(5767, 1, 2, 33),
(5768, 1, 3, 33),
(5769, 2, 4, 33),
(5770, 2, 5, 33),
(5771, 1, 7, 33),
(5772, 2, 8, 33),
(5773, 2, 9, 33),
(5774, 2, 10, 33),
(5775, 1, 11, 33),
(5776, 1, 12, 33),
(5777, 2, 13, 33),
(5778, 2, 14, 33),
(5779, 1, 15, 33),
(5780, 2, 16, 33),
(5781, 1, 17, 33),
(5782, 1, 18, 33),
(5783, 1, 19, 33),
(5784, 1, 20, 33),
(5785, 1, 21, 33),
(5786, 2, 22, 33),
(5787, 1, 23, 33),
(5788, 2, 24, 33),
(5789, 1, 25, 33),
(5790, 1, 26, 33),
(5791, 1, 27, 33),
(5792, 2, 28, 33),
(5793, 2, 29, 33),
(5794, 2, 30, 33),
(5795, 2, 31, 33),
(5796, 2, 32, 33),
(5797, 2, 33, 33),
(5798, 2, 34, 33),
(5799, 1, 35, 33),
(5800, 1, 36, 33),
(5801, 2, 37, 33),
(5802, 1, 38, 33),
(5803, 1, 39, 33),
(5804, 1, 40, 33),
(5805, 1, 41, 33),
(5806, 1, 42, 33),
(5807, 1, 43, 33),
(5808, 2, 44, 33),
(5809, 2, 45, 33),
(5810, 2, 46, 33),
(5811, 2, 47, 33),
(5812, 1, 48, 33),
(5813, 1, 49, 33),
(5814, 1, 50, 33),
(5815, 2, 51, 33),
(5816, 1, 52, 33),
(5817, 2, 53, 33),
(5818, 1, 54, 33),
(5819, 2, 55, 33),
(5820, 2, 56, 33),
(5821, 1, 57, 33),
(5822, 1, 58, 33),
(5823, 2, 59, 33),
(5824, 1, 60, 33),
(5825, 1, 61, 33),
(5826, 1, 62, 33),
(5827, 1, 63, 33),
(5828, 1, 64, 33),
(5829, 1, 65, 33),
(5830, 1, 66, 33),
(5831, 2, 67, 33),
(5832, 1, 68, 33),
(5833, 1, 69, 33),
(5834, 1, 70, 33),
(5835, 1, 71, 33),
(5836, 2, 72, 33),
(5837, 2, 73, 33),
(5838, 1, 74, 33),
(5839, 2, 75, 33),
(5840, 2, 76, 33),
(5841, 1, 77, 33),
(5842, 2, 78, 33),
(5843, 1, 79, 33),
(5844, 1, 80, 33),
(5845, 2, 81, 33),
(5846, 1, 82, 33),
(5847, 2, 83, 33),
(5848, 2, 84, 33),
(5849, 2, 85, 33),
(5850, 1, 86, 33),
(5851, 1, 87, 33),
(5852, 1, 88, 33),
(5853, 1, 89, 33),
(5854, 2, 90, 33),
(5855, 1, 91, 33),
(5856, 1, 92, 33),
(5857, 2, 93, 33),
(5858, 2, 94, 33),
(5859, 1, 95, 33),
(5860, 1, 96, 33),
(5861, 1, 97, 33),
(5862, 1, 98, 33),
(5863, 1, 99, 33),
(5864, 1, 100, 33),
(5865, 1, 101, 33),
(5866, 1, 102, 33),
(5867, 1, 103, 33),
(5868, 1, 104, 33),
(5869, 2, 105, 33),
(5870, 1, 106, 33);

-- --------------------------------------------------------

--
-- Struktura tabulky `prispevek`
--

CREATE TABLE `prispevek` (
  `id` int NOT NULL,
  `nazev` varchar(255) DEFAULT NULL,
  `text` varchar(255) DEFAULT NULL,
  `pridano` datetime NOT NULL,
  `uzivatel_id` int NOT NULL
) ENGINE=InnoDB DEFAULT CHARSET=utf8mb4 COLLATE=utf8mb4_0900_ai_ci;

--
-- Vypisuji data pro tabulku `prispevek`
--

INSERT INTO `prispevek` (`id`, `nazev`, `text`, `pridano`, `uzivatel_id`) VALUES
(1, 'Tomeš ty.', 'Šílí od té doby, co ulehla; jen mu psala několikrát denně kratičké a horoucí otázce; i pokývl vážně a položil se tváří až mezi rapovy uši, úzkostlivě dbaje, aby ho potěšil. Také pan Paul mu podával všechny vůně Arábie v cigárové krabici a stříbrný hořák. ', '2024-04-12 14:16:21', 14),
(2, 'Když ten.', 'Motal se tam na dlouhé oprati lonžíruje vysokého grošovaného koně; vedle něho jako starý mlýn. Daimon vyskočil z vozu a jal se spravovat baterii. Zrovna oškrabával zinek, když se vracel do postele, podlomily se mu zatočila nesmírnou závratí. Už nechcete? ', '2024-04-12 14:16:21', 80),
(3, 'I sebral.', 'Prokop k svému baráku. Bylo zamčeno, a Prokop vzlykaje zpovídal se Carsonovi ze své strašlivé lásky k té, jíž nezná. Při této vzpomínce se Prokop nesměle. Starý neřekl nic a vzal tam z dvou bílých pracek velikou mísu. Consommé de tortues, šeptal pozorně a', '2024-04-12 15:31:45', 47),
(4, 'A tamhle.', 'Pohlížel na ni hladké konečky prstů; nějaký blesk proběhl Prokopem, srdce mu zabouchalo a hlavou napřed sváží se pomalu jako ohromný hydraulický lis. Prokop chtěl něco říci, ale spolkla to. Honzík spával s vámi, dodala spěšně a zarděla se neznámo proč, ch', '2024-04-12 15:31:45', 23),
(5, 'Postavil.', 'Pan ďHémon províjí vůz klubkem ulic, klouže předměstím podobným zřícenině a opět je šedý a chladný den, červené střechy, červená stáda krav. Jak může být do Balttinu daleko? Začíná pršet; ale Prokop se vrhl k princezně. Minko, ale Minko, zašeptal chvatně ', '2024-04-12 15:31:45', 56),
(6, 'Tam, kde.', 'Prokop, nakloněn nad ní, se srdcem stísněným zkoumal nevyzpytatelný mír té palčivé, napjaté tváře. Vytrhla se mu postavil do cesty onen plavý obr, odhodlán nechat se třeba i na jeho ruce nehnutýma, palčivýma očima. Oba mysleli na to, že tiše žasnul. Tak p', '2024-04-12 15:31:45', 59),
(7, 'Kamkoliv.', 'Prokop zas nevěděl, že to byly ženy neznámé sice, ale nekonečně opatrná pečlivost, s níž Prokop nechtěl ani slyšet. Jednoho večera bylo na zámku nějaké slavné soirée; nuže, na tento divoký cirkus. Prokop zahlédl pana Paula, na níž se zrcadlila všechna jeh', '2024-04-12 15:31:45', 61),
(8, 'Někdo si.', 'Prokop na ni nepohlédl; brumlal celý rudý a v hnědé tváři vzdor a kajícnost; neboť se v něm hrklo, když místo na portýra narazil na hlídkujícího vojáčka, jenž ihned vykřikl výstrahu a strhl pušku; ale než mohl střelit, začal se pomalu strojit chvílemi odp', '2024-04-12 15:31:45', 104),
(9, 'Jak jste.', 'Holz odtud nehne. Nu, taky dobře. Prokop kutil v laboratoři něco tajemného, zatímco pan Holz je nyní zbytečný, ale činí se, neboť byl v něm utrhlo; udělal krok, jako by se propadl hanbou. Už při obědě pili, ale jen málo, jen tolik, že byli oba náramně rud', '2024-04-12 15:31:45', 56),
(10, 'Najednou.', 'Ohromný výsledek. Sedm kanonýrů i se setníkem… Jednu nohu pak našli tři kilometry daleko. Za dva dny máte být převezen jinam, do pevnosti. Stále pod obviněním ze špionáže. Nemůžete si představit, jakou tohle udělalo senzaci. Princezna přímo pila každé slo', '2024-04-12 15:31:46', 49),
(11, 'V jednom.', 'Vlivná intervence, víte? Ke všemu počalo slizce mžít. Prodral se zpět, potrhán na cáry svůj kapesník; přitiskla jej prudce ke rtům se jí zamžily oči, pohladila Kraffta po zrzavé lbi a utekla. Ženská nic nevydrží, konstatoval Krafft pyšně. Vidíte, já jsem ', '2024-04-12 15:31:46', 68),
(12, 'Týnice a.', 'Pošta se rozjela. Prokop se na něj lesklýma, uhrančivýma očima. Rychle zavřel víčka, aby je složil do jeho rukou; i dalo Prokopovi mnoho práce, aby se hlučně otřepal. V tu chvíli se rozlehla střelba z křovin za rybníkem; podle zvuku to bylo naostro. Ztuhl', '2024-04-12 15:31:46', 93),
(13, 'Měla oči.', 'Za chvíli uvidíte naše směšné kamarády; nepoplašte je žádnými velkými plány. Jsou na vás připraveni a přijmou vás s nadšením. Promluvíte k nim lne, třese se to, přisává se to v pořádku. Tak. Nyní si Prokop sedl do trávy, dýchá s rozkoší vůni vlhkosti a po', '2024-04-12 15:31:46', 81),
(14, 'Za druhé.', 'Prokop a sžehuje ho umíněnýma očima. Copak já vím? zavrčí doktor. Já o něm nechci vědět. Je v Praze? naléhá Prokop zatínaje pěstě. Doktor mlčí, ale něco silnějšího jej tryskem srazilo se schodů dolů a vlevo. Svezl se po vašich tajemstvích, bručel Prokop. ', '2024-04-12 15:31:46', 85),
(15, 'Někdy se.', 'Usedl na chvíli a divil se: jak už je tu veseleji a jaksi se lekl, že teď snad ta dívka mu přijde ohmatat kotníky. Pan Carson huboval, aby se lidem líp pracovalo. Rozumíš? Vy myslíte, mručel Prokop, nějaký laciný pohon, ne? Laciný, laciný, souhlasil starý', '2024-04-12 15:31:46', 57),
(16, 'V jednom.', 'Prokop vzdychl ode dna a vstal. Kamarád Krakatit předpokládal, že delegáti mají dobrou vůli rozumět – Oho! zahlučelo to ve všech, a ve svém povolání nad jiné ten se jen stisknout kdesi jakási páka… a pár tisíc bolestného, nevzal je. Ach co, ať dělá, co ch', '2024-04-12 15:31:46', 60),
(17, 'Pracoval.', 'Zachvěla se hrůzou. Milý, ztrať se teď nalézt, toť jasno. Skokem vyběhl do svého pokoje a vrací se oblékajíc si přes hlavu a chtěl ji obejmout, odstrčila ho. Ne, ne, nejsem dnes hezká. Prosím tě, pracuj; budu se na zem v mrákotách. II. První, co si počnu.', '2024-04-12 15:31:46', 66),
(18, 'Dnes pil.', 'A potom – Prokop si odplivl na třetí cestu vlevo a otočil kontakt. Byl to děda s krkem ovázaným šálou; pořád něco na postraňku a mlčky odešel do nádraží. Pasažér na kozlíku už seděl pošťák a nějaký pasažér. Prosím vás, pánové, nejste snad spolu příbuzní? ', '2024-04-12 15:31:46', 18),
(19, 'A už mne.', 'Ale kdybych chtěl – Udělala bezmocný pohyb rameny. To je proti jednacímu řádu, rozčilil se Mazaud. Já protestuju a… skládám předsednictví. Mrštil zvonkem na zem a sestoupil z kozlíku. Vstávej, povídal, tak už jsme tady. Zvolna odepínal postraňky. Víš, sem', '2024-04-12 15:31:46', 79),
(20, 'Podej mi.', 'Anči padá jeho kožená a neproniknutelná vážnost; hraje soustředěně, míří s přísně staženým obočím, ale když viděl, že se Prokop sebral a putoval chodbou k svému bývalému kavalírskému pokoji. Paul nebyl na své dílo, hrklo v něm a vracel se po něm mydlinkam', '2024-04-12 15:31:46', 24),
(21, 'Skutečně.', 'Byly to důtklivé, pečlivě narýsované obrázky ručně kolorované; barvy trochu vybledly, papír zažloutl, a přece našla příležitost, aby vtiskla Prokopovi do ruky sám – Hleďte, poslouchejte, jak je vyzvedla, – u čerta, proč na té mokré lavičce, ale bojí se st', '2024-04-12 15:31:46', 53),
(22, 'Týnici..', 'Krakatitu a hlídali jsme to s námi stalo. A nyní se posunuje po chodbě cosi těžkého, dveře se otevřely dveře a chrastě valí se Prokop s úlevou. Pan ředitel ti to řekla. Proč? Pak bys měl nade mnou příliš moci, děla tichounce, a Prokop dopadl s těžkým vzde', '2024-04-12 15:31:46', 32),
(23, 'Stáli na.', 'Princezna mu dává očima znamení; nehnul se. Princezna míří k starému, jednorukému majoru od artilerie, který je pokryt medailemi jako Kybelé cecíky. Major se už narovnává, až to napíšu! Nechce se ti pacholci ze dvora do toho mokré řapíky. Když pak chtěl n', '2024-04-12 15:31:46', 49),
(24, 'Večery u.', 'Pan Carson si nasadil zas brejle a jal se měřit Prokopovu nohavici. Prokop ustoupil až k bradě, aby mu udali jméno osoby, která toho dne vyzvedla třicet tisíc korun. Kroutili nad tím sedět půl roku, než pochopí, že měla být políbena poprvé. Tu se zastyděl', '2024-04-12 15:31:46', 26),
(25, 'Tu počal.', 'Sedni si tady. Užuž šel, ale něco v něm a vracel se stále častěji do laboratoře, neklidná a zaražená. Když ji vzal za ženu; že nemusí vydat nic, žádné své tajemství, žádny Krakatit; že ona za ním mizela. Mizely věci a stíny zality plynoucí mlhou; bylo to,', '2024-04-12 15:31:46', 26),
(26, 'Kamkoliv.', 'Tady byla souvislost vzpomínek rozhodně porušena; nepochybná je jenom okamžik. Ty, ty nejsi vřazen do nekonečného řádu ani započítán do miliónů světelných let; a tedy… tedy ať to byl jen kousek místa, já… Na kozlíku ticho; jen pošťák se drbal ve vousech, ', '2024-04-12 15:31:46', 1),
(27, 'S hlavou.', 'Co s ním pánskou kabinu na druhé straně plotu. To je Sírius, ve Velkém psu. Taky Alhabor mu říkají. A tamhle na souši krátkými, spěchavými krůčky jde pan Krafft s Egonem, konaje peripatetické vyučování; jak vidí Prokopa, nechá Egona stát a ležet a běžel p', '2024-04-12 15:31:46', 65),
(28, 'Když mám.', 'Nevěděl věru, co povídá; mělo to medvědí melodii a pražádnou syntaxi; týkalo se to bohužel jinak, než mínil. Měl totiž plán vyhledat v Balttinu toho jistého, co se jde ven, umiňoval si; nejsem přece chlapec. Tu se rozlétly nedovřené dveře a chrastě vrhl s', '2024-04-12 15:31:46', 21),
(29, 'Hmota je.', 'Krakatit? Nikdy tě nenapadlo, že já sama – Tu zapomněl Prokop, proč schovává pravou ruku za zády, a sáhl po tlusté obálce. Dívka zbledla a couvla. Vy jste mu toho řekl. Prokop se cítil uchopen a nešetrně omakáván padesáti páry očí; jako ve snách. Nezbýval', '2024-04-12 15:31:46', 64),
(30, 'Nebylo v.', 'Daimon na své utrpení. Někdy se ozve zblízka zastřený hlas: Nesu vám ten balíček. Tu vyskočil a otevřel oči, a nezbylo by nic než ji nalézt; všeho se vzdám, jen mi nech to jediné! Utkvěl očima v prázdnu: nyní tu stojí zahalena závojem, u nohou suché listí', '2024-04-12 15:31:46', 96),
(31, 'Tu starý.', 'Gentleman neměl nijak naspěch. Zajisté, začal posléze po anglicku, zajisté jste se ráno na mne zlobit. Snad jsem se jí jen zalily oči a odpočíval v odevzdané chabosti. Dveře tichounce zavrzly. Prokop otevřel oči. Nad ním se kymácí a hourá; nenene, padá, š', '2024-04-12 15:31:46', 97),
(32, 'Vše mizí.', 'Oncle Rohn vstal a vykoukl, ale pak spočívala s očima upřenýma k ní. Prokop měl tisíc chutí praštit do stolu, říci něco hrubého, porušit tu strnulou a jaksi chlapácky; pan Carson po něm sekl zadní nohou a uhnul zadkem, že Prokop slyšel tikání Carsonových ', '2024-04-12 15:31:47', 65),
(33, 'Naštěstí.', 'Prokop dále odpočítávaje kapky. Oncle Charles a Carson na něm visely v cárech; na čele vstává od svého talíře, jde k Prokopovi pojal zvláštní náklonnost a trávil u něho celé hodiny. Prokop mnoho čte nebo se tváří, jako dva zuřiví zápasníci; konvulsivní zá', '2024-04-12 15:31:47', 105),
(34, 'Potom se.', 'Co byste řekl? Nu… ovšem, uhýbal Prokop s poetickou kořistí domů a přemýšlí, z čeho by udělal s chutí desetkrát tolik co dosud. Sedli si na prachových poduškách nabitých větší silou než sud dynamitu; tvé tělo je její; takto vážně a krásně odkládá šat po š', '2024-04-12 15:31:47', 101),
(35, 'Musíš do.', 'Ty věci Prokop ovšem nepsal; byly mu jenom ztajenou melodií, jež okřídlovala těžkopádné věty odborného výkladu. Pro něho bylo více fantazie v holém vzorci a víc oslnivé krásy v číselném výrazu. A tak to drží dohromady… Pan Carson zavrtěl hlavou. Kdepak! a', '2024-04-12 15:31:47', 103),
(36, 'Zkumavka.', 'Kremnice. Prokop nevěřil svým očím. Pak rozbalil se zimničným spěchem noviny, rozsypal celou nádheru leknínů po zemi a čeká, připravena, aby snesla jeho pohled. Prokop cítil, že něco dovedu? Umím strašlivě pracovat. Nikdy jsem neviděl nic bělejšího, nic p', '2024-04-12 15:31:47', 26),
(37, 'Někdy se.', 'Jsou ulice a místa, která se už předem zdají nad jiné učený. Bude vám mnoho protivenství vytrpěti; ale budete-li se střežiti prudkosti a vysokomyslnosti, dosáhnete vážnosti u svých sousedů a vynikajícího postavení. Mnoho ztratíte, ale později odměněn bude', '2024-04-12 15:31:47', 51),
(38, 'Co byste.', 'Velký Prokopokopak, král duchů. Ale já jsem vyrazil z bismutu tantal. Poslyšte, víte vy, kolik je vy-výkonu v jednom gramu rtuti? Čtyři sta dvaašedesát miliónů kilogramometrů. Hmota je křehká. Ale já udělám, že se nedám zavřít, rozumíte? Nedám, zařval a p', '2024-04-12 15:31:47', 3),
(39, 'První se.', 'Prokop vtiskl koleno mezi její kolena, aby se podíval nechápavě na svou vlastní práci, neboť tam, to cítil, se mu srdce taktaktak třeští, a chtěl od toho odtrhnout ruce; ale ono to samo od sebe – Já tě miluju! Pusť, zakvílela lomcujíc sebou. Nemohu, sténa', '2024-04-12 15:31:47', 39),
(40, 'Když mně.', 'Vytrhl vrátka a pádil za ní. Lehnout, zařval a chytil ji oběma rukama zvedá a stáčí rozhozenou kštici. Zítra… zítra to odevzdám, šeptal. Neodpověděla, měla vlásničky mezi rty a zakryla si tváře, aby ji nesl, aby ji nesl, aby ji ani neviděl. Provázen panem', '2024-04-12 15:31:47', 85),
(41, 'C: kdosi.', 'Prokop se vrhl střemhlav do laboratorní práce, nebo aspoň se k smrti jedno, jaké to je jiný Prokop, který chtěl užuž spustit válečný křik, se zarazil; zamumlal, že si to vyložil sám, pokračoval, jen tak ševcovsky. Někdo si dejme tomu v… v porcelánové krab', '2024-04-12 15:31:47', 78),
(42, 'Jdi, jdi.', 'Proč nemluvíš? Jdu ti říci, abys byl opatrný. Mon oncle Charles už slídí – Včera jsi byl skvělý! Mluvil z ní koudel a stočený drát; tady je horká půda. Prodejte to, ať máte pokoj! Prokop zavrtěl hlavou. Děvče vzdychlo a znehybnělo. Auto se sváželo s Hory ', '2024-04-12 15:31:47', 78),
(43, 'Ó-ó, jak.', 'Ty věci Prokop ovšem nepsal; byly mu jenom ztajenou melodií, jež okřídlovala těžkopádné věty odborného výkladu. Pro něho bylo více fantazie v holém vzorci a víc oslnivé krásy v číselném výrazu. A tak dále. Zajímavá holka, osmadvacet let, ohromná jezdkyně.', '2024-04-12 15:31:47', 99),
(44, 'Mrazí ho.', 'Že je tak bezradně a bezmocně sám; tu propukl v dětský vzlykavý pláč. Když se rozevře květina, je to vaše věc, no ne? Tak jsme si dali pokoj. Víte, dělá to špatný dojem, když… je mnoho takových případů. Dali jsme jen flegmatizovat Krakatit… asi tři metry ', '2024-04-12 15:31:47', 88),
(45, 'Tak, teď.', 'Vicit, co ještě mohl, a vyhlížel krátkozrakýma očima Prokopa. Zatím Prokop, který chtěl užuž spustit válečný křik, se zarazil; zamumlal, že si toho tak nevšiml. Anči stála blizoučko. Budete psát? ptala se udýchaně; asi běžela, kožišinku měla zrosenou dešt', '2024-04-12 15:31:47', 50),
(46, 'Usmál se.', 'Já stojím na straně síly. Jsem starý, zkušený a bohatý; nepotřebuju nic, než aby se po nich spustil dolů; ale pod jeho tíhou; a teď mu ještě ke všemu jaksi tancuje po ramenou – co to je? Tu zahučelo slabě, jako by sama cítila tu bolest. Proč nejdete k lék', '2024-04-12 15:31:47', 34),
(47, 'Zašeptal.', 'Mávl v rozpacích drtil mezi prsty kostky cukru. Konečně se uvelebil vedle a čekal předlouho. Konečně běží princezna dlouhými, krásnými skoky Diany. Schovej se, šeptá rychle, oncle jde za mnou. Uhánějí držíce se za hlavu a chtěl ji obejmout, odstrčila ho. ', '2024-04-12 15:31:47', 101),
(48, 'Rozhodně.', 'Bylo to ve všech, a ve všech stejně: KRAKATIT! Ing. P. ať udá svou adresu. Carson. Co u všech všudy… Kdo je tu? Kdo – kdo jste? Kolega Tomeš. Tomeš, aha. Ten všivák! Přednášky si vypůjčoval. Nevrátil mně jeden sešit chemie. Tomeš, jak se to rozhodne, cíti', '2024-04-12 15:31:47', 3),
(49, 'Tam jsem.', 'Prokop řítě se stále častěji do laboratoře, neklidná a zaražená. Když ji vzal za ženu; dokázanou bigamií pak zaokrouhlil své panství až po Bolgar neboli dnešní Simbirsk, kde někde byl zajat, uťata mu pravá ruka a vjela mu do žertu. Pan Carson si sedl a za', '2024-04-12 15:31:47', 30),
(50, 'Pohlížel.', 'Prokop přistoupil k oknu a pozoroval dívku jaksi přísnýma a vzpomínavýma očima. Gúnúmai se, anassa, splynulo mu náhle a bezděčně se rtů, theos ny tis é brotos essi? Ei men tis theos essi, toi úranon euryn echúsin, Artemidi se egó ge, Dios kúré megaloio, e', '2024-04-12 15:31:47', 59),
(51, 'Bylo tam.', 'Možná, možná že v onom zaraženém postoji lidí, kteří nevědí, mají-li se smát povedené švandě, nebo přiběhnout na pomoc. Prokop se s řinkotem sypalo sklo. Doktor se svezl na židli. Oncle Charles byl o nuanci příliš zdvořilý. Princezniny oči varovaly: měj s', '2024-04-12 15:31:47', 44),
(52, 'Vypřahal.', 'Pan Holz mlčky a pevně táhl. Krafft prchl koktaje cosi v úplném zoufalství. Nyní řezník rychle a políbil jí ruku na jeho prsa a dusil, dusil jako cent. V úzkostech našel nad sebou temné a rozzelé oči, jež ho fascinovaly. Řezník se zvedl a povídal najednou', '2024-04-12 15:31:47', 44);

-- --------------------------------------------------------

--
-- Struktura tabulky `uzivatel`
--

CREATE TABLE `uzivatel` (
  `id` int NOT NULL,
  `uzivatelske_jmeno` varchar(255) NOT NULL,
  `heslo` varchar(255) NOT NULL,
  `email` varchar(255) NOT NULL,
  `datum_narozeni` date NOT NULL,
  `admin` tinyint NOT NULL DEFAULT '0',
  `obrazek` varchar(255) DEFAULT NULL,
  `popis` varchar(255) DEFAULT NULL
) ENGINE=InnoDB DEFAULT CHARSET=utf8mb4 COLLATE=utf8mb4_0900_ai_ci;

--
-- Vypisuji data pro tabulku `uzivatel`
--

INSERT INTO `uzivatel` (`id`, `uzivatelske_jmeno`, `heslo`, `email`, `datum_narozeni`, `admin`, `obrazek`, `popis`) VALUES
(1, 'admin', '$2y$10$6G5XKnGVZjYWBcKt4k/4WOnfzcz0M3YVqZrOkDP8YEW7HFtviTwKm', 'admin@admin.cz', '2000-01-01', 1, NULL, NULL),
(2, 'f', '$2y$10$LrQv6VMwG/vlaW0JKyb9Neqtvmw9gQ9RLwVWFCUgeOsbWcRAwWqKq', 'f@f.f', '2000-01-01', 0, NULL, NULL),
(3, '-_-', '$2y$10$amMYpG0QFDYkAksHG0R2neX6TLyStR5zkU7gkDhglTOHgTutugl2S', 'idk@seznam.cz', '2000-01-01', 0, NULL, NULL),
(4, 'Lessiecek', '$2y$10$7HZuV6oxZmMnzHXmwZtV4.2uEqGYFsWQZyav0jfk0g2/W18omQi8.', 'lessiecek@clash.com', '2003-03-21', 0, NULL, NULL),
(5, 'cathy.gleichner', '$2y$10$FFdB9MZ/m4o83TzKdG2dRe0VJIXZ4rnLISDi5SuTXX71TFoJQMcqS', 'cathy.gleichner@example.com', '1994-11-02', 0, 'avatar.png', 'Učty na základě generování'),
(7, 'user0', '$2y$10$hP8RePaTlu/MC55Q.tL52epChIAdwJ2GOsl2ONHYNQU2sYtXdAqIi', 'user0@example.com', '1996-02-23', 0, 'avatar.png', 'Učty na základě generování'),
(8, 'user1', '$2y$10$dkL1dOKVE8Z1XGlpQdBbnu/XAFpNDa1yWUQ/QaqcOmyMEzfrtH2wW', 'user1@example.com', '1970-01-01', 0, 'avatar.png', 'Učty na základě generování'),
(9, 'user2', '$2y$10$/QrnMbMPhcxgB0aYJMNWiuE3R5MYuzS.WPhMta0Jooxzc4ip9cweS', 'user2@example.com', '2011-09-18', 0, 'avatar.png', 'Učty na základě generování'),
(10, 'user3', '$2y$10$Vj7qlmSqWHjrSo0u5ZS/QuvyyjTfvXBM4hGmvRpVYFsi1pwKlKdQ2', 'user3@example.com', '1974-09-14', 0, 'avatar.png', 'Učty na základě generování'),
(11, 'user4', '$2y$10$4HYGL8o.MRakbkfFIMMzAuFBPzojwbxr74iNOSDU7JP2CZ59HDtKu', 'user4@example.com', '2003-05-17', 0, 'avatar.png', 'Učty na základě generování'),
(12, 'user5', '$2y$10$CgzXt731..0zlIuzGQU4N.Ekdlao2gpNlKBPEbajZOqNcuGAsW6FO', 'user5@example.com', '2019-02-02', 0, 'avatar.png', 'Učty na základě generování'),
(13, 'user6', '$2y$10$A6uRbq0cBxqiQK51/sKfMOKrzijtDCiQ40Q54L1FD1kVOe4a4OFvm', 'user6@example.com', '1985-02-02', 0, 'avatar.png', 'Učty na základě generování'),
(14, 'user7', '$2y$10$MHkniubkT6NmIcQIXAdWI.77ohKddx4y80sTdVbeatEJD7nK7i2QO', 'user7@example.com', '2013-02-13', 0, 'avatar.png', 'Učty na základě generování'),
(15, 'user8', '$2y$10$sXi7HbwOhbcfiazJkagbh.5P4sHWLg/XL1UbHw6BrQpj10bWLrIsS', 'user8@example.com', '1997-10-31', 0, 'avatar.png', 'Učty na základě generování'),
(16, 'user9', '$2y$10$sFhqLLh6xs0ynerLlX/qfut8IC1ig/g1UcZzcIBTcD.8GybXpk4Ma', 'user9@example.com', '1999-10-05', 0, 'avatar.png', 'Učty na základě generování'),
(17, 'user10', '$2y$10$iwKxXxZsiJkT0hT3S0lM9OZY4qwUCOnwDJodHEc3AbTDz0yS/wYLC', 'user10@example.com', '2005-11-24', 0, 'avatar.png', 'Učty na základě generování'),
(18, 'user11', '$2y$10$pNR9ljtl8lE/rJHaVTAlxuQ81PtjIb5ib2j1LFUtt826FI97jwTvS', 'user11@example.com', '2013-04-01', 0, 'avatar.png', 'Učty na základě generování'),
(19, 'user12', '$2y$10$Dn4x5rhaHhmf1esNzPAFd.QaRJOsbwhBeFK12DqAkzV0f1qSFE3tm', 'user12@example.com', '1975-01-08', 0, 'avatar.png', 'Učty na základě generování'),
(20, 'user13', '$2y$10$3hfNXz9ZnwxCZUq9tTqdPe0Hhv3dhpG5fQjHdIWI1IZcry.nAq.Ni', 'user13@example.com', '1977-05-09', 0, 'avatar.png', 'Učty na základě generování'),
(21, 'user14', '$2y$10$MM67Tc3JZ0YyS3QuOgOkVe0HcoWDpPx/mUfMCejXF.xGaKmJOWHeO', 'user14@example.com', '1999-11-09', 0, 'avatar.png', 'Učty na základě generování'),
(22, 'user15', '$2y$10$ms5ANgzxQxpz0PRZep0XcuVAHJ5m5sg9Cc91bxhxjMdNmILA9wXv.', 'user15@example.com', '1980-07-21', 0, 'avatar.png', 'Učty na základě generování'),
(23, 'user16', '$2y$10$zgOLLrtL3cCvgIvggqqh7Ogtt8V5oV3UP.3sJJsR1s0tvE.ZT0Gie', 'user16@example.com', '1974-03-14', 0, 'avatar.png', 'Učty na základě generování'),
(24, 'user17', '$2y$10$I.6NAtZfcahejw9.P.G4Gem2QJWK0c3R62o9N4E0ia5tSfEl.pOdS', 'user17@example.com', '2002-07-29', 0, 'avatar.png', 'Učty na základě generování'),
(25, 'user18', '$2y$10$cgJNLumsSwNzvUK3.ueRSuPT2Daou./AawiUhDtuXk.tP8l0vlzJC', 'user18@example.com', '1983-12-21', 0, 'avatar.png', 'Učty na základě generování'),
(26, 'user19', '$2y$10$M9N1EhHufRTUvZEPOENWve9S9nM1YkG/nGCLnd0iBuXA8DLQeXPu.', 'user19@example.com', '1976-10-01', 0, 'avatar.png', 'Učty na základě generování'),
(27, 'user20', '$2y$10$a3ycWICtyqAyyUOU9QNGjeo6qXkMmw8USdKbxaNsUC2pMbKjafdTe', 'user20@example.com', '2022-04-04', 0, 'avatar.png', 'Učty na základě generování'),
(28, 'user21', '$2y$10$Pwyt36QASKk6J0fIrlQUPu7LSU3G.Ysh.mLC9dKRAC.6tDnv61oZy', 'user21@example.com', '1982-04-24', 0, 'avatar.png', 'Učty na základě generování'),
(29, 'user22', '$2y$10$.cCvHWZayGyZXbvKgnoRVeE1mxG3bphHBBcq.w4O6H06GWXJG01Za', 'user22@example.com', '1983-05-31', 0, 'avatar.png', 'Učty na základě generování'),
(30, 'user23', '$2y$10$3TFUIe7lMy0WPYzSFjipa..tBjNyveYJCFQoTVVJjOY2Ik1bwgsh.', 'user23@example.com', '2009-05-21', 0, 'avatar.png', 'Učty na základě generování'),
(31, 'user24', '$2y$10$fN33DT0ZLSq33XJG0bA9HuumoUz5UlfxEB3IaO0ditnTGcEBYdGpO', 'user24@example.com', '2002-01-16', 0, 'avatar.png', 'Učty na základě generování'),
(32, 'user25', '$2y$10$x8LXwn62AhPK.aSGiYu6JOUupi9ie/y6ilP0wIVIdlgmM80A85Hdu', 'user25@example.com', '1973-03-14', 0, 'avatar.png', 'Učty na základě generování'),
(33, 'user26', '$2y$10$kxvjp/ArZa14rtApFHKKUeh39flqYHVDXgU82SoPhx7NFsuOOTc/a', 'user26@example.com', '1975-05-09', 0, 'avatar.png', 'Učty na základě generování'),
(34, 'user27', '$2y$10$VyeLJMmBrxVeZvpvZ.D4lueAFbPiU2yYzvnWqgE5aXOSRbHWTd5sa', 'user27@example.com', '2023-05-20', 0, 'avatar.png', 'Učty na základě generování'),
(35, 'user28', '$2y$10$Vtjw5beSEVqtmOw76q06VOgOBt8YVYDjEL/UbDaGBAlog29InkwkC', 'user28@example.com', '1973-12-31', 0, 'avatar.png', 'Učty na základě generování'),
(36, 'user29', '$2y$10$9jVxFogRmVRoXoo6GroZUOGWtBi857u5pQmzOkPO8VgldCdBT6Tle', 'user29@example.com', '2018-08-06', 0, 'avatar.png', 'Učty na základě generování'),
(37, 'user30', '$2y$10$Q2fxWT5Rg8Oq/q79recq7eexoZ1SONSsfVAYqUiUrHyXQtuDoDkfu', 'user30@example.com', '1975-12-06', 0, 'avatar.png', 'Učty na základě generování'),
(38, 'user31', '$2y$10$uutBhJuTInSJ6ZS1s6Yf8..QkizFzZHAxwP/VrGFb4OyOmv83YyW.', 'user31@example.com', '2007-10-30', 0, 'avatar.png', 'Učty na základě generování'),
(39, 'user32', '$2y$10$ev08S7HGd5F4PUcb0/QCcurfEVf1yl81vyA9DRoE/4UvAiQZJJRym', 'user32@example.com', '1997-08-08', 0, 'avatar.png', 'Učty na základě generování'),
(40, 'user33', '$2y$10$1.QW5U04jumc.SuKQUYiwes7RcZQlCu1RMljKNcTDtcywMYXB7iXG', 'user33@example.com', '1998-11-17', 0, 'avatar.png', 'Učty na základě generování'),
(41, 'user34', '$2y$10$r.q0L85AVQW4z4AVLAMUbO/NMb/D3rJbHm5znWHCYhXoD4/tkpufS', 'user34@example.com', '1983-08-27', 0, 'avatar.png', 'Učty na základě generování'),
(42, 'user35', '$2y$10$860stEzcy.pKDvoN/77wR.abk1ztE/r.4vi4MEO9RuHiHH6kKOFj.', 'user35@example.com', '2003-06-28', 0, 'avatar.png', 'Učty na základě generování'),
(43, 'user36', '$2y$10$cHF7Tkaav62nxyMj4uqGYeWcbBiufE2ssyGL/IjOvv/SdR04MQ64y', 'user36@example.com', '1992-05-11', 0, 'avatar.png', 'Učty na základě generování'),
(44, 'user37', '$2y$10$qr3.AzU1gLf3yxbsZ4R29e3XqzP37CLfZv4ZAFVPk5pBn1kP8se0W', 'user37@example.com', '1987-05-06', 0, 'avatar.png', 'Učty na základě generování'),
(45, 'user38', '$2y$10$PVGNkhOhy9Iqr4NLF6hkcOR4vtFUI/dWbW8UK.lnLyQwM2BCd7KZ.', 'user38@example.com', '1992-04-26', 0, 'avatar.png', 'Učty na základě generování'),
(46, 'user39', '$2y$10$QcHhRGW2bjyCX5p2R5rx6.ATow.dqlahjne2zYlvpOUO6Ly2n0kkW', 'user39@example.com', '1972-04-14', 0, 'avatar.png', 'Učty na základě generování'),
(47, 'user40', '$2y$10$1VzeVzGfbM88IZagGbqxAOQCmrvvZLzlA1o25iI.HG4DydojcsWnK', 'user40@example.com', '1987-08-25', 0, 'avatar.png', 'Učty na základě generování'),
(48, 'user41', '$2y$10$EX.eB4cu/tVY7muj.VUbaOr8WF5..bSpq6EAeMJMGQhgRyTUC/fsS', 'user41@example.com', '2018-03-19', 0, 'avatar.png', 'Učty na základě generování'),
(49, 'user42', '$2y$10$3KsAT6Vof7IHbmbL74Sqtu/iWgDDRXWxbZPq7gbMfB.GEJrAPfa7m', 'user42@example.com', '1989-06-15', 0, 'avatar.png', 'Učty na základě generování'),
(50, 'user43', '$2y$10$2t9LT59pVJW5EPyccow7Ee6EB1iGf3D75.YwoK8Fi04SwOkMVdMo6', 'user43@example.com', '1971-08-19', 0, 'avatar.png', 'Učty na základě generování'),
(51, 'user44', '$2y$10$tBWKQgVE.FU.5aqhgMi85efXStOb7/uSdAkWrxqWh8dsV9U3B7jbC', 'user44@example.com', '2016-10-28', 0, 'avatar.png', 'Učty na základě generování'),
(52, 'user45', '$2y$10$9tt4eztvCC04i3WGHBVL4.If0RcqyJICzkTsr.Rh1p0TtoqLlQjNa', 'user45@example.com', '2018-07-31', 0, 'avatar.png', 'Učty na základě generování'),
(53, 'user46', '$2y$10$ZXXQCwD9fT6mYjiFg3R/CuWBstLRd2..d4x3AcTpORYmphAcix6Wu', 'user46@example.com', '2000-02-08', 0, 'avatar.png', 'Učty na základě generování'),
(54, 'user47', '$2y$10$oZL1EWvevLtr04GJtz5gs.uiJvUG19IAwGLUhboD6r6YrcfqpznZS', 'user47@example.com', '2007-08-22', 0, 'avatar.png', 'Učty na základě generování'),
(55, 'user48', '$2y$10$wsdNpG5ybchioFVN9qCVHep1THNJc/6svPmWaSBJZMB6BUcwKCKDu', 'user48@example.com', '1987-06-09', 0, 'avatar.png', 'Učty na základě generování'),
(56, 'user49', '$2y$10$GEls1T.j9b9dODzcoOHjBul1roYi2ZDv8Dek1IMxpKpOIcORINt8a', 'user49@example.com', '2017-08-19', 0, 'avatar.png', 'Učty na základě generování'),
(57, 'user50', '$2y$10$pNE3Y9lCKqcZeChpiRUa4etiFp4qmfIT4wWo2qO0Sd/9mrYrSDjJm', 'user50@example.com', '1988-08-05', 0, 'avatar.png', 'Učty na základě generování'),
(58, 'user51', '$2y$10$sZLV6XBL9rX1bQoCm5hBiujjni5AOVChixwtU.2NgxNswzsIy3iPO', 'user51@example.com', '1975-02-09', 0, 'avatar.png', 'Učty na základě generování'),
(59, 'user52', '$2y$10$gedBQpJNVKJW9c9nBx16n.5UWVWljphAOYVEb1r19Quo1ccRTIj72', 'user52@example.com', '2022-01-03', 0, 'avatar.png', 'Učty na základě generování'),
(60, 'user53', '$2y$10$E74FQOXkgiiHtl3G0/y94uh891iNLU05p6rSulMSsOf83WYUPIzYO', 'user53@example.com', '2016-12-27', 0, 'avatar.png', 'Učty na základě generování'),
(61, 'user54', '$2y$10$xIfY5LkQt.8vP/9iOU83LuNSlD2e2XtJWqH.ASUbA/V.JoehPY8em', 'user54@example.com', '1987-07-20', 0, 'avatar.png', 'Učty na základě generování'),
(62, 'user55', '$2y$10$lYeKBSCC9hHlw0js1XIFWOtIFk0VVkAgheAuX0GrVLpcsBlXXUHAu', 'user55@example.com', '1972-09-03', 0, 'avatar.png', 'Učty na základě generování'),
(63, 'user56', '$2y$10$2HsW0v.TNskCA27pMCo9V.K/DMVFmtrW4v3YOqYuA/7aP6kQczDhm', 'user56@example.com', '1982-11-20', 0, 'avatar.png', 'Učty na základě generování'),
(64, 'user57', '$2y$10$Evh/42qRE.2PINtNvUrsJuzo/1jUJpjkVrbiTUTgJTvZBW4UGdRAm', 'user57@example.com', '2009-07-02', 0, 'avatar.png', 'Učty na základě generování'),
(65, 'user58', '$2y$10$LUYHD.xDSYEloK88L1RXUO0Q8wB.UPLIJGsGrOOCjzxRFGte0cMV2', 'user58@example.com', '2005-07-15', 0, 'avatar.png', 'Učty na základě generování'),
(66, 'user59', '$2y$10$L.CouIIYPHczne/5wPjTTudba6EVn.a7qDUy5vxWxfIEKSrJI4zUy', 'user59@example.com', '2018-09-24', 0, 'avatar.png', 'Učty na základě generování'),
(67, 'user60', '$2y$10$6XDg8cVWf9Cdup73CUdqx.44Z6fbflHNaMNErPM6HMKzmEDzlTxP2', 'user60@example.com', '2012-10-14', 0, 'avatar.png', 'Učty na základě generování'),
(68, 'user61', '$2y$10$o1G/.kBhNiFoff10pC9Xq.QuYlqdTVF7N7n3SeGSwlTuqNHroxI9e', 'user61@example.com', '2005-07-29', 0, 'avatar.png', 'Učty na základě generování'),
(69, 'user62', '$2y$10$i66Wvsg6Xb62qa8j0P2Sce40Fa38xvy2xxYMqFEIQ2l0dm1YqkNmu', 'user62@example.com', '1971-07-03', 0, 'avatar.png', 'Učty na základě generování'),
(70, 'user63', '$2y$10$PNIXkJPqzzX/QJAowXMKEOirbiRabfZeXrHOoWLDwCB/fA/WDr5jC', 'user63@example.com', '2009-08-14', 0, 'avatar.png', 'Učty na základě generování'),
(71, 'user64', '$2y$10$qIy65abUk.TcK5ZbAn9fIOPbUHaHNzJoTOdPmbod5xL.dcvLDkXIm', 'user64@example.com', '2012-05-29', 0, 'avatar.png', 'Učty na základě generování'),
(72, 'user65', '$2y$10$6K7KlQ8rVHK2SuXshQnzjOP6wpxrvjo8V2dNdvDxPEvZkaK99q6O2', 'user65@example.com', '1976-11-15', 0, 'avatar.png', 'Učty na základě generování'),
(73, 'user66', '$2y$10$bYpPqM8MjH4JVaCnLLVTmeVqrKtfz.wbd0QvXmNRYxBmYv27q83K6', 'user66@example.com', '1986-10-31', 0, 'avatar.png', 'Učty na základě generování'),
(74, 'user67', '$2y$10$P31qFzIwOzr5mhFdhqRgKOWT5lMUdx1usXEXv8tiU0eqf6JoMC5ra', 'user67@example.com', '1982-11-27', 0, 'avatar.png', 'Učty na základě generování'),
(75, 'user68', '$2y$10$dqzmDVqTrPeihL3EQTGY2uOG.f7wbTxeA28Pw1INWKpr7rDMjIcR6', 'user68@example.com', '2009-02-07', 0, 'avatar.png', 'Učty na základě generování'),
(76, 'user69', '$2y$10$XJb3Y08g86bSb1MtTr9Ke.tqgTVDRW76QfthuXpgQ9DH2xfatckCG', 'user69@example.com', '1972-12-11', 0, 'avatar.png', 'Učty na základě generování'),
(77, 'user70', '$2y$10$ovGrTFE2lNtQXzMYh1BVX.iklRu7Ce497oFplQJZMvTJ9x7pk1B2O', 'user70@example.com', '2008-06-26', 0, 'avatar.png', 'Učty na základě generování'),
(78, 'user71', '$2y$10$1hAtZ7E905nRwzUAKho5keis/bbpExAouB/eixSIpiCzylRJPLDpW', 'user71@example.com', '1983-10-12', 0, 'avatar.png', 'Učty na základě generování'),
(79, 'user72', '$2y$10$kTHe75EPn5TP1M4Gc9JPiulJ6r1w/XCkCqFrywycb5z8X0twisK.e', 'user72@example.com', '1991-09-23', 0, 'avatar.png', 'Učty na základě generování'),
(80, 'user73', '$2y$10$S0IB403eW5CcE31Rx4slmO0kDXiTCBAc3JoZ7Eu0hA1tzx4m9G5NS', 'user73@example.com', '1996-06-04', 0, 'avatar.png', 'Učty na základě generování'),
(81, 'user74', '$2y$10$5UJuQD3aDwbQQxWHbIhZeOKkLTh2GAM4lgo0aSnXIEbAQTWs9l.sK', 'user74@example.com', '1988-08-22', 0, 'avatar.png', 'Učty na základě generování'),
(82, 'user75', '$2y$10$V9S7Qp8tCbJskWOIFtIOP.0s.dIvYHN62tH5HwDoXJjI64d4cMH1y', 'user75@example.com', '2013-07-09', 0, 'avatar.png', 'Učty na základě generování'),
(83, 'user76', '$2y$10$1adJinV/Pe/bxHNeGXZECujzJs36wpTcNnF8UAiTLKgUTOYZYnsAO', 'user76@example.com', '1996-01-19', 0, 'avatar.png', 'Učty na základě generování'),
(84, 'user77', '$2y$10$HV/U8ckYQakXTS6ENAUHY.yda4l.zpr26WJJFyUTIodcBU/k6xeMu', 'user77@example.com', '1973-05-23', 0, 'avatar.png', 'Učty na základě generování'),
(85, 'user78', '$2y$10$bGB8qABto2fnuUaJUGJ7hOmr7r/fn3udNeDOm1guUZanPw9DtL7Zm', 'user78@example.com', '2004-11-11', 0, 'avatar.png', 'Učty na základě generování'),
(86, 'user79', '$2y$10$UjPit/ZrAhEozumU8NmLE.CyKX5/4OlmXfgejEHWdCfqoUBCuKhwW', 'user79@example.com', '1983-12-03', 0, 'avatar.png', 'Učty na základě generování'),
(87, 'user80', '$2y$10$mr9.m05PB29XttUCAj327ut1OVZwwVUvIFz09U643A0owgEN85Rle', 'user80@example.com', '1993-09-19', 0, 'avatar.png', 'Učty na základě generování'),
(88, 'user81', '$2y$10$fLR5cO5l1KAAz3y2MIHw8eufQTtLWiD0LBoR19gmjoJ.XropfD9Qe', 'user81@example.com', '1973-10-17', 0, 'avatar.png', 'Učty na základě generování'),
(89, 'user82', '$2y$10$vmmfe4200rNdIoNTfUMNKuw7vtAqGHDG./keE9JpIOLEqbuwadF.i', 'user82@example.com', '1973-06-29', 0, 'avatar.png', 'Učty na základě generování'),
(90, 'user83', '$2y$10$.B.4cBJHY48anTjeyytnR.7eHVojZiL2kfUnZrOMcAmoQkRXXX95y', 'user83@example.com', '2010-05-07', 0, 'avatar.png', 'Učty na základě generování'),
(91, 'user84', '$2y$10$ZMEMLtj8UnYb69Du6tnnaufbhluDpwaU4ANqG5.AQmgxyjuOaIau6', 'user84@example.com', '1978-04-07', 0, 'avatar.png', 'Učty na základě generování'),
(92, 'user85', '$2y$10$ZRp1T5vbOGwYhuLJhNOj4OxhLu1RuGdGFzS59pdvs2yLeOJJYwKZe', 'user85@example.com', '2020-02-07', 0, 'avatar.png', 'Učty na základě generování'),
(93, 'user86', '$2y$10$ifTVEb01f2PM9gp0yg4MouKpTFjcJid6NmoyeSZw0604vCgLXY.kK', 'user86@example.com', '1977-01-14', 0, 'avatar.png', 'Učty na základě generování'),
(94, 'user87', '$2y$10$kdIX9bkj4OJQocb3hJb/2.zsNsyoqtWKufYr7ASWAra59p5bd11UC', 'user87@example.com', '2000-07-22', 0, 'avatar.png', 'Učty na základě generování'),
(95, 'user88', '$2y$10$6Jq.3qbjLPwyu9OpBm3bx.m6wVpU8GU1tK1KjHvZV/t4wXj8yRuNO', 'user88@example.com', '1990-05-30', 0, 'avatar.png', 'Učty na základě generování'),
(96, 'user89', '$2y$10$jI7n5GkwtFGwmnE7LCzZUunyJJ7eafUYLfAoirC3UNBU7fg2oTqzS', 'user89@example.com', '2012-07-16', 0, 'avatar.png', 'Učty na základě generování'),
(97, 'user90', '$2y$10$knvN/msXeTf1AxjwxJwLQu4RPqFvHK2pTwNc1E9P4AXdtzOWqME2K', 'user90@example.com', '2005-10-17', 0, 'avatar.png', 'Učty na základě generování'),
(98, 'user91', '$2y$10$tp5YnxfiWeAi3ObUjr1CauaE/yx34Dn1dYvu6l37nObUK5XN3kFey', 'user91@example.com', '1996-12-15', 0, 'avatar.png', 'Učty na základě generování'),
(99, 'user92', '$2y$10$jlNUUvY..vDZfkBjJMMflOlqsgpW5Lks2vOgo8lSCt7a23CIpMP0q', 'user92@example.com', '2021-03-12', 0, 'avatar.png', 'Učty na základě generování'),
(100, 'user93', '$2y$10$1XiIBhtmrjuEvS8dWl5Xje1N9NnjTIM3mORym/okmKiIMSnaLxkkm', 'user93@example.com', '1995-01-23', 0, 'avatar.png', 'Učty na základě generování'),
(101, 'user94', '$2y$10$MxRg5ltL2RQuu..YvlayW.PXVNXyH8Fkta5qkkOkLWZQil5AfVyI6', 'user94@example.com', '2009-06-30', 0, 'avatar.png', 'Učty na základě generování'),
(102, 'user95', '$2y$10$HrZHwDdzDbYqbQi5RiQh2e5qiOb.UxO9QiFh3HmIDn771G.BWBOTi', 'user95@example.com', '1984-08-05', 0, 'avatar.png', 'Učty na základě generování'),
(103, 'user96', '$2y$10$X196MVQ/oit.uxxfGjxnJ..nL9Pr6lRETZUxqMSm6uzLsPNz99RAG', 'user96@example.com', '1986-09-23', 0, 'avatar.png', 'Učty na základě generování'),
(104, 'user97', '$2y$10$QYF4BzWo6v0Ogs.iL6CmSe5Kk8fh70ROYlyJ2ci331SD8ZoFEDvt2', 'user97@example.com', '1979-08-07', 0, 'avatar.png', 'Učty na základě generování'),
(105, 'user98', '$2y$10$tViPECI8Xpe.YUBrpJZkiud4xaUR/Afkcr.R0iAONmpdFs5EhNAju', 'user98@example.com', '2012-12-26', 0, 'avatar.png', 'Učty na základě generování'),
(106, 'user99', '$2y$10$09cseU1o4lkMDJ6.Npz4Vef8GA/Hk1JrWGXOmwWyLq4.wcl6.EFx2', 'user99@example.com', '1998-01-26', 0, 'avatar.png', 'Učty na základě generování');

--
-- Indexy pro exportované tabulky
--

--
-- Indexy pro tabulku `fotka_prispevek`
--
ALTER TABLE `fotka_prispevek`
  ADD PRIMARY KEY (`id`),
  ADD KEY `fk_fotka_prispevek_prispevek1_idx` (`prispevek_id`);

--
-- Indexy pro tabulku `komentar`
--
ALTER TABLE `komentar`
  ADD PRIMARY KEY (`id`,`prispevek_id`,`uzivatel_id`),
  ADD KEY `fk_komentar_prispevek1_idx` (`prispevek_id`),
  ADD KEY `fk_komentar_uzivatel1_idx` (`uzivatel_id`);

--
-- Indexy pro tabulku `palec`
--
ALTER TABLE `palec`
  ADD PRIMARY KEY (`id`,`uzivatel_id`,`prispevek_id`),
  ADD KEY `fk_palec_uzivatel1_idx` (`uzivatel_id`),
  ADD KEY `fk_palec_prispevek1_idx` (`prispevek_id`);

--
-- Indexy pro tabulku `prispevek`
--
ALTER TABLE `prispevek`
  ADD PRIMARY KEY (`id`),
  ADD KEY `fk_prispevek_uzivatel_idx` (`uzivatel_id`);

--
-- Indexy pro tabulku `uzivatel`
--
ALTER TABLE `uzivatel`
  ADD PRIMARY KEY (`id`);

--
-- AUTO_INCREMENT pro tabulky
--

--
-- AUTO_INCREMENT pro tabulku `fotka_prispevek`
--
ALTER TABLE `fotka_prispevek`
  MODIFY `id` int NOT NULL AUTO_INCREMENT, AUTO_INCREMENT=334;

--
-- AUTO_INCREMENT pro tabulku `komentar`
--
ALTER TABLE `komentar`
  MODIFY `id` int NOT NULL AUTO_INCREMENT, AUTO_INCREMENT=165;

--
-- AUTO_INCREMENT pro tabulku `palec`
--
ALTER TABLE `palec`
  MODIFY `id` int NOT NULL AUTO_INCREMENT, AUTO_INCREMENT=5871;

--
-- AUTO_INCREMENT pro tabulku `prispevek`
--
ALTER TABLE `prispevek`
  MODIFY `id` int NOT NULL AUTO_INCREMENT, AUTO_INCREMENT=53;

--
-- AUTO_INCREMENT pro tabulku `uzivatel`
--
ALTER TABLE `uzivatel`
  MODIFY `id` int NOT NULL AUTO_INCREMENT, AUTO_INCREMENT=107;

--
-- Omezení pro exportované tabulky
--

--
-- Omezení pro tabulku `fotka_prispevek`
--
ALTER TABLE `fotka_prispevek`
  ADD CONSTRAINT `fk_fotka_prispevek_prispevek1` FOREIGN KEY (`prispevek_id`) REFERENCES `prispevek` (`id`);

--
-- Omezení pro tabulku `komentar`
--
ALTER TABLE `komentar`
  ADD CONSTRAINT `fk_komentar_prispevek1` FOREIGN KEY (`prispevek_id`) REFERENCES `prispevek` (`id`),
  ADD CONSTRAINT `fk_komentar_uzivatel1` FOREIGN KEY (`uzivatel_id`) REFERENCES `uzivatel` (`id`);

--
-- Omezení pro tabulku `palec`
--
ALTER TABLE `palec`
  ADD CONSTRAINT `fk_palec_prispevek1` FOREIGN KEY (`prispevek_id`) REFERENCES `prispevek` (`id`),
  ADD CONSTRAINT `fk_palec_uzivatel1` FOREIGN KEY (`uzivatel_id`) REFERENCES `uzivatel` (`id`);

--
-- Omezení pro tabulku `prispevek`
--
ALTER TABLE `prispevek`
  ADD CONSTRAINT `fk_prispevek_uzivatel` FOREIGN KEY (`uzivatel_id`) REFERENCES `uzivatel` (`id`);
COMMIT;

/*!40101 SET CHARACTER_SET_CLIENT=@OLD_CHARACTER_SET_CLIENT */;
/*!40101 SET CHARACTER_SET_RESULTS=@OLD_CHARACTER_SET_RESULTS */;
/*!40101 SET COLLATION_CONNECTION=@OLD_COLLATION_CONNECTION */;
